#
# There is insufficient memory for the Java Runtime Environment to continue.
# Native memory allocation (malloc) failed to allocate 32784 bytes. Error detail: Chunk::new
# Possible reasons:
#   The system is out of physical RAM or swap space
#   This process is running with CompressedOops enabled, and the Java Heap may be blocking the growth of the native heap
# Possible solutions:
#   Reduce memory load on the system
#   Increase physical memory or swap space
#   Check if swap backing store is full
#   Decrease Java heap size (-Xmx/-Xms)
#   Decrease number of Java threads
#   Decrease Java thread stack sizes (-Xss)
#   Set larger code cache with -XX:ReservedCodeCacheSize=
#   JVM is running with Unscaled Compressed Oops mode in which the Java heap is
#     placed in the first 4GB address space. The Java Heap base address is the
#     maximum limit for the native heap growth. Please use -XX:HeapBaseMinAddress
#     to set the Java Heap base and to place the Java Heap above 4GB virtual address.
# This output file may be truncated or incomplete.
#
#  Out of Memory Error (arena.cpp:191), pid=5660, tid=14968
#
# JRE version: OpenJDK Runtime Environment (17.0.11) (build 17.0.11+0--11852314)
# Java VM: OpenJDK 64-Bit Server VM (17.0.11+0--11852314, mixed mode, tiered, compressed oops, compressed class ptrs, g1 gc, windows-amd64)
# No core dump will be written. Minidumps are not enabled by default on client versions of Windows
#

---------------  S U M M A R Y ------------

Command Line: --add-opens=java.base/java.util=ALL-UNNAMED --add-opens=java.base/java.lang=ALL-UNNAMED --add-opens=java.base/java.lang.invoke=ALL-UNNAMED --add-opens=java.prefs/java.util.prefs=ALL-UNNAMED --add-opens=java.base/java.nio.charset=ALL-UNNAMED --add-opens=java.base/java.net=ALL-UNNAMED --add-opens=java.base/java.util.concurrent.atomic=ALL-UNNAMED -Xmx2048m -Dfile.encoding=UTF-8 -Duser.country=US -Duser.language=en -Duser.variant -javaagent:C:\Users\ASUS\.gradle\wrapper\dists\gradle-8.7-bin\bhs2wmbdwecv87pi65oeuq5iu\gradle-8.7\lib\agents\gradle-instrumentation-agent-8.7.jar org.gradle.launcher.daemon.bootstrap.GradleDaemon 8.7

Host: 11th Gen Intel(R) Core(TM) i5-1135G7 @ 2.40GHz, 8 cores, 7G,  Windows 11 , 64 bit Build 22621 (10.0.22621.3958)
Time: Tue Oct  1 10:37:22 2024 SE Asia Standard Time elapsed time: 795.069922 seconds (0d 0h 13m 15s)

---------------  T H R E A D  ---------------

Current thread (0x0000028abd683470):  JavaThread "C2 CompilerThread0" daemon [_thread_in_native, id=14968, stack(0x000000b55a600000,0x000000b55a700000)]


Current CompileTask:
C2: 795070 17476       4       org.jetbrains.org.objectweb.asm.ClassReader::accept (1380 bytes)

Stack: [0x000000b55a600000,0x000000b55a700000]
Native frames: (J=compiled Java code, j=interpreted, Vv=VM code, C=native code)
V  [jvm.dll+0x687bb9]
V  [jvm.dll+0x84142a]
V  [jvm.dll+0x8430ae]
V  [jvm.dll+0x843713]
V  [jvm.dll+0x24a35f]
V  [jvm.dll+0xac544]
V  [jvm.dll+0xacb8c]
V  [jvm.dll+0xac64b]
V  [jvm.dll+0x6651cc]
V  [jvm.dll+0x58fd14]
V  [jvm.dll+0x58efc8]
V  [jvm.dll+0x2247e2]
V  [jvm.dll+0x21d99f]
V  [jvm.dll+0x21b201]
V  [jvm.dll+0x1a63ed]
V  [jvm.dll+0x22b1ee]
V  [jvm.dll+0x229375]
V  [jvm.dll+0x7f5647]
V  [jvm.dll+0x7efa4a]
V  [jvm.dll+0x686a35]
C  [ucrtbase.dll+0x29333]
C  [KERNEL32.DLL+0x1257d]
C  [ntdll.dll+0x5af28]


---------------  P R O C E S S  ---------------

Threads class SMR info:
_java_thread_list=0x0000028ac3238b20, length=53, elements={
0x0000028aa369fbd0, 0x0000028abd4fdfe0, 0x0000028abd5029c0, 0x0000028abd64d5b0,
0x0000028abd67d400, 0x0000028abd67ddd0, 0x0000028abd6807b0, 0x0000028abd683470,
0x0000028abd683e30, 0x0000028abd684740, 0x0000028abd4a00d0, 0x0000028abd8f4e90,
0x0000028ac2a14e90, 0x0000028ac3b1f390, 0x0000028ac370be00, 0x0000028ac44c8210,
0x0000028ac44c8720, 0x0000028ac44c68c0, 0x0000028ac44c9140, 0x0000028ac44c6dd0,
0x0000028ac44c9650, 0x0000028ac44c72e0, 0x0000028ac483c160, 0x0000028ac483b740,
0x0000028ac483dfc0, 0x0000028ac483dab0, 0x0000028ac483b230, 0x0000028ac483bc50,
0x0000028ac4842190, 0x0000028ac7826130, 0x0000028ac7581410, 0x0000028ac7587440,
0x0000028ac75850d0, 0x0000028ac7583c90, 0x0000028ac7586510, 0x0000028ac7585af0,
0x0000028ac7586a20, 0x0000028ac7586f30, 0x0000028ac757ffd0, 0x0000028ac75804e0,
0x0000028ac7581920, 0x0000028ac7587950, 0x0000028ac75809f0, 0x0000028ac75846b0,
0x0000028ac75841a0, 0x0000028ac7582340, 0x0000028ac7582850, 0x0000028ac7582d60,
0x0000028ac6af2000, 0x0000028ac6af2510, 0x0000028ac6aeed60, 0x0000028ac6aee340,
0x0000028ac6aef270
}

Java Threads: ( => current thread )
  0x0000028aa369fbd0 JavaThread "main" [_thread_blocked, id=31812, stack(0x000000b559900000,0x000000b559a00000)]
  0x0000028abd4fdfe0 JavaThread "Reference Handler" daemon [_thread_blocked, id=32792, stack(0x000000b55a000000,0x000000b55a100000)]
  0x0000028abd5029c0 JavaThread "Finalizer" daemon [_thread_blocked, id=18768, stack(0x000000b55a100000,0x000000b55a200000)]
  0x0000028abd64d5b0 JavaThread "Signal Dispatcher" daemon [_thread_blocked, id=26948, stack(0x000000b55a200000,0x000000b55a300000)]
  0x0000028abd67d400 JavaThread "Attach Listener" daemon [_thread_blocked, id=11648, stack(0x000000b55a300000,0x000000b55a400000)]
  0x0000028abd67ddd0 JavaThread "Service Thread" daemon [_thread_blocked, id=32284, stack(0x000000b55a400000,0x000000b55a500000)]
  0x0000028abd6807b0 JavaThread "Monitor Deflation Thread" daemon [_thread_blocked, id=4516, stack(0x000000b55a500000,0x000000b55a600000)]
=>0x0000028abd683470 JavaThread "C2 CompilerThread0" daemon [_thread_in_native, id=14968, stack(0x000000b55a600000,0x000000b55a700000)]
  0x0000028abd683e30 JavaThread "C1 CompilerThread0" daemon [_thread_blocked, id=9244, stack(0x000000b55a700000,0x000000b55a800000)]
  0x0000028abd684740 JavaThread "Sweeper thread" daemon [_thread_blocked, id=15016, stack(0x000000b55a800000,0x000000b55a900000)]
  0x0000028abd4a00d0 JavaThread "Common-Cleaner" daemon [_thread_blocked, id=8148, stack(0x000000b55a900000,0x000000b55aa00000)]
  0x0000028abd8f4e90 JavaThread "Notification Thread" daemon [_thread_blocked, id=32276, stack(0x000000b55aa00000,0x000000b55ab00000)]
  0x0000028ac2a14e90 JavaThread "Daemon health stats" [_thread_blocked, id=16016, stack(0x000000b55ad00000,0x000000b55ae00000)]
  0x0000028ac3b1f390 JavaThread "Incoming local TCP Connector on port 55329" [_thread_in_native, id=24684, stack(0x000000b55b200000,0x000000b55b300000)]
  0x0000028ac370be00 JavaThread "Daemon periodic checks" [_thread_blocked, id=6016, stack(0x000000b55b300000,0x000000b55b400000)]
  0x0000028ac44c8210 JavaThread "Cache worker for journal cache (C:\Users\ASUS\.gradle\caches\journal-1)" [_thread_blocked, id=31632, stack(0x000000b55bf00000,0x000000b55c000000)]
  0x0000028ac44c8720 JavaThread "File lock request listener" [_thread_in_native, id=3364, stack(0x000000b55c000000,0x000000b55c100000)]
  0x0000028ac44c68c0 JavaThread "Cache worker for file hash cache (C:\Users\ASUS\.gradle\caches\8.7\fileHashes)" [_thread_blocked, id=28132, stack(0x000000b55c100000,0x000000b55c200000)]
  0x0000028ac44c9140 JavaThread "File watcher server" daemon [_thread_in_native, id=15080, stack(0x000000b55c400000,0x000000b55c500000)]
  0x0000028ac44c6dd0 JavaThread "File watcher consumer" daemon [_thread_blocked, id=30996, stack(0x000000b55c500000,0x000000b55c600000)]
  0x0000028ac44c9650 JavaThread "jar transforms" [_thread_blocked, id=27668, stack(0x000000b55c600000,0x000000b55c700000)]
  0x0000028ac44c72e0 JavaThread "jar transforms Thread 2" [_thread_blocked, id=10072, stack(0x000000b55c700000,0x000000b55c800000)]
  0x0000028ac483c160 JavaThread "jar transforms Thread 3" [_thread_blocked, id=13760, stack(0x000000b55c800000,0x000000b55c900000)]
  0x0000028ac483b740 JavaThread "jar transforms Thread 4" [_thread_blocked, id=33292, stack(0x000000b55c900000,0x000000b55ca00000)]
  0x0000028ac483dfc0 JavaThread "jar transforms Thread 5" [_thread_blocked, id=21280, stack(0x000000b55ca00000,0x000000b55cb00000)]
  0x0000028ac483dab0 JavaThread "jar transforms Thread 6" [_thread_blocked, id=33332, stack(0x000000b55cb00000,0x000000b55cc00000)]
  0x0000028ac483b230 JavaThread "jar transforms Thread 7" [_thread_blocked, id=20816, stack(0x000000b55cc00000,0x000000b55cd00000)]
  0x0000028ac483bc50 JavaThread "jar transforms Thread 8" [_thread_blocked, id=13564, stack(0x000000b55cd00000,0x000000b55ce00000)]
  0x0000028ac4842190 JavaThread "Cache worker for file content cache (C:\Users\ASUS\.gradle\caches\8.7\fileContent)" [_thread_blocked, id=4912, stack(0x000000b55d100000,0x000000b55d200000)]
  0x0000028ac7826130 JavaThread "Memory manager" [_thread_blocked, id=32776, stack(0x000000b55ea00000,0x000000b55eb00000)]
  0x0000028ac7581410 JavaThread "File lock release action executor" [_thread_blocked, id=10332, stack(0x000000b559600000,0x000000b559700000)]
  0x0000028ac7587440 JavaThread "Daemon Thread 2" [_thread_blocked, id=35256, stack(0x000000b559700000,0x000000b559800000)]
  0x0000028ac75850d0 JavaThread "Handler for socket connection from /127.0.0.1:55329 to /127.0.0.1:56031" [_thread_in_native, id=30576, stack(0x000000b559800000,0x000000b559900000)]
  0x0000028ac7583c90 JavaThread "Cancel handler" [_thread_blocked, id=34080, stack(0x000000b55ac00000,0x000000b55ad00000)]
  0x0000028ac7586510 JavaThread "Daemon worker Thread 2" [_thread_in_vm, id=18424, stack(0x000000b55b400000,0x000000b55b500000)]
  0x0000028ac7585af0 JavaThread "Asynchronous log dispatcher for DefaultDaemonConnection: socket connection from /127.0.0.1:55329 to /127.0.0.1:56031" [_thread_blocked, id=9288, stack(0x000000b55b500000,0x000000b55b600000)]
  0x0000028ac7586a20 JavaThread "Stdin handler" [_thread_blocked, id=28604, stack(0x000000b55b600000,0x000000b55b700000)]
  0x0000028ac7586f30 JavaThread "Daemon client event forwarder" [_thread_blocked, id=31244, stack(0x000000b55b700000,0x000000b55b800000)]
  0x0000028ac757ffd0 JavaThread "Cache worker for file hash cache (C:\Users\ASUS\Downloads\infi-app\.gradle\8.7\fileHashes)" [_thread_blocked, id=36444, stack(0x000000b55b800000,0x000000b55b900000)]
  0x0000028ac75804e0 JavaThread "Cache worker for checksums cache (C:\Users\ASUS\Downloads\infi-app\.gradle\8.7\checksums)" [_thread_blocked, id=26904, stack(0x000000b55ba00000,0x000000b55bb00000)]
  0x0000028ac7581920 JavaThread "Cache worker for cache directory md-supplier (C:\Users\ASUS\.gradle\caches\8.7\md-supplier)" [_thread_blocked, id=31920, stack(0x000000b55b900000,0x000000b55ba00000)]
  0x0000028ac7587950 JavaThread "Cache worker for cache directory md-rule (C:\Users\ASUS\.gradle\caches\8.7\md-rule)" [_thread_blocked, id=22052, stack(0x000000b55c200000,0x000000b55c300000)]
  0x0000028ac75809f0 JavaThread "Cache worker for Build Output Cleanup Cache (C:\Users\ASUS\Downloads\infi-app\.gradle\buildOutputCleanup)" [_thread_blocked, id=35268, stack(0x000000b55c300000,0x000000b55c400000)]
  0x0000028ac75846b0 JavaThread "Unconstrained build operations" [_thread_blocked, id=33212, stack(0x000000b55ce00000,0x000000b55cf00000)]
  0x0000028ac75841a0 JavaThread "Unconstrained build operations Thread 2" [_thread_blocked, id=19816, stack(0x000000b55cf00000,0x000000b55d000000)]
  0x0000028ac7582340 JavaThread "Unconstrained build operations Thread 3" [_thread_blocked, id=11280, stack(0x000000b55d000000,0x000000b55d100000)]
  0x0000028ac7582850 JavaThread "Unconstrained build operations Thread 4" [_thread_blocked, id=34440, stack(0x000000b55d200000,0x000000b55d300000)]
  0x0000028ac7582d60 JavaThread "Unconstrained build operations Thread 5" [_thread_blocked, id=26852, stack(0x000000b55d300000,0x000000b55d400000)]
  0x0000028ac6af2000 JavaThread "Unconstrained build operations Thread 6" [_thread_blocked, id=35600, stack(0x000000b55d400000,0x000000b55d500000)]
  0x0000028ac6af2510 JavaThread "Unconstrained build operations Thread 7" [_thread_blocked, id=35288, stack(0x000000b55d500000,0x000000b55d600000)]
  0x0000028ac6aeed60 JavaThread "Unconstrained build operations Thread 8" [_thread_blocked, id=36436, stack(0x000000b55d600000,0x000000b55d700000)]
  0x0000028ac6aee340 JavaThread "Unconstrained build operations Thread 9" [_thread_blocked, id=27312, stack(0x000000b55d700000,0x000000b55d800000)]
  0x0000028ac6aef270 JavaThread "Unconstrained build operations Thread 10" [_thread_blocked, id=35016, stack(0x000000b55d800000,0x000000b55d900000)]

Other Threads:
  0x0000028abd51ed10 VMThread "VM Thread" [stack: 0x000000b559f00000,0x000000b55a000000] [id=20748]
  0x0000028aa36a0960 WatcherThread [stack: 0x000000b55ab00000,0x000000b55ac00000] [id=26856]
  0x0000028aa36fa6f0 GCTaskThread "GC Thread#0" [stack: 0x000000b559a00000,0x000000b559b00000] [id=932]
  0x0000028ac3222ed0 GCTaskThread "GC Thread#1" [stack: 0x000000b55ae00000,0x000000b55af00000] [id=21184]
  0x0000028ac35c7c10 GCTaskThread "GC Thread#2" [stack: 0x000000b55af00000,0x000000b55b000000] [id=4796]
  0x0000028ac22761c0 GCTaskThread "GC Thread#3" [stack: 0x000000b55b000000,0x000000b55b100000] [id=29824]
  0x0000028ac2a15e90 GCTaskThread "GC Thread#4" [stack: 0x000000b55b100000,0x000000b55b200000] [id=12888]
  0x0000028ac44ca260 GCTaskThread "GC Thread#5" [stack: 0x000000b55bb00000,0x000000b55bc00000] [id=24340]
  0x0000028ac4781500 GCTaskThread "GC Thread#6" [stack: 0x000000b55bc00000,0x000000b55bd00000] [id=20260]
  0x0000028ac3fe7240 GCTaskThread "GC Thread#7" [stack: 0x000000b55bd00000,0x000000b55be00000] [id=560]
  0x0000028aa370b550 ConcurrentGCThread "G1 Main Marker" [stack: 0x000000b559b00000,0x000000b559c00000] [id=27520]
  0x0000028aa370be80 ConcurrentGCThread "G1 Conc#0" [stack: 0x000000b559c00000,0x000000b559d00000] [id=5240]
  0x0000028ac3fea230 ConcurrentGCThread "G1 Conc#1" [stack: 0x000000b55be00000,0x000000b55bf00000] [id=28112]
  0x0000028aa374ddf0 ConcurrentGCThread "G1 Refine#0" [stack: 0x000000b559d00000,0x000000b559e00000] [id=28912]
  0x0000028ac5d024a0 ConcurrentGCThread "G1 Refine#1" [stack: 0x000000b55d900000,0x000000b55da00000] [id=21448]
  0x0000028ac4490580 ConcurrentGCThread "G1 Refine#2" [stack: 0x000000b55da00000,0x000000b55db00000] [id=10308]
  0x0000028ac5d018e0 ConcurrentGCThread "G1 Refine#3" [stack: 0x000000b55db00000,0x000000b55dc00000] [id=35748]
  0x0000028aa374e730 ConcurrentGCThread "G1 Service" [stack: 0x000000b559e00000,0x000000b559f00000] [id=24552]

Threads with active compile tasks:
C2 CompilerThread0   795130 17476       4       org.jetbrains.org.objectweb.asm.ClassReader::accept (1380 bytes)

VM state: not at safepoint (normal execution)

VM Mutex/Monitor currently owned by a thread: None

Heap address: 0x0000000080000000, size: 2048 MB, Compressed Oops mode: 32-bit

CDS archive(s) not mapped
Compressed class space mapped at: 0x0000000100000000-0x0000000140000000, reserved size: 1073741824
Narrow klass base: 0x0000000000000000, Narrow klass shift: 3, Narrow klass range: 0x140000000

GC Precious Log:
 CPUs: 8 total, 8 available
 Memory: 7886M
 Large Page Support: Disabled
 NUMA Support: Disabled
 Compressed Oops: Enabled (32-bit)
 Heap Region Size: 1M
 Heap Min Capacity: 8M
 Heap Initial Capacity: 124M
 Heap Max Capacity: 2G
 Pre-touch: Disabled
 Parallel Workers: 8
 Concurrent Workers: 2
 Concurrent Refinement Workers: 8
 Periodic GC: Disabled

Heap:
 garbage-first heap   total 550912K, used 403669K [0x0000000080000000, 0x0000000100000000)
  region size 1024K, 227 young (232448K), 23 survivors (23552K)
 Metaspace       used 177240K, committed 178368K, reserved 1245184K
  class space    used 23011K, committed 23552K, reserved 1048576K

Heap Regions: E=young(eden), S=young(survivor), O=old, HS=humongous(starts), HC=humongous(continues), CS=collection set, F=free, OA=open archive, CA=closed archive, TAMS=top-at-mark-start (previous, next)
|   0|0x0000000080000000, 0x0000000080100000, 0x0000000080100000|100%|HS|  |TAMS 0x0000000080100000, 0x0000000080000000| Complete 
|   1|0x0000000080100000, 0x0000000080200000, 0x0000000080200000|100%|HC|  |TAMS 0x0000000080200000, 0x0000000080100000| Complete 
|   2|0x0000000080200000, 0x0000000080300000, 0x0000000080300000|100%|HC|  |TAMS 0x0000000080300000, 0x0000000080200000| Complete 
|   3|0x0000000080300000, 0x0000000080400000, 0x0000000080400000|100%|HC|  |TAMS 0x0000000080400000, 0x0000000080300000| Complete 
|   4|0x0000000080400000, 0x0000000080500000, 0x0000000080500000|100%| O|  |TAMS 0x0000000080500000, 0x0000000080400000| Untracked 
|   5|0x0000000080500000, 0x0000000080600000, 0x0000000080600000|100%| O|  |TAMS 0x0000000080600000, 0x0000000080500000| Untracked 
|   6|0x0000000080600000, 0x0000000080700000, 0x0000000080700000|100%| O|  |TAMS 0x0000000080700000, 0x0000000080600000| Untracked 
|   7|0x0000000080700000, 0x0000000080800000, 0x0000000080800000|100%| O|  |TAMS 0x0000000080800000, 0x0000000080700000| Untracked 
|   8|0x0000000080800000, 0x0000000080900000, 0x0000000080900000|100%| O|  |TAMS 0x0000000080900000, 0x0000000080800000| Untracked 
|   9|0x0000000080900000, 0x0000000080a00000, 0x0000000080a00000|100%| O|  |TAMS 0x0000000080a00000, 0x0000000080900000| Untracked 
|  10|0x0000000080a00000, 0x0000000080b00000, 0x0000000080b00000|100%| O|  |TAMS 0x0000000080b00000, 0x0000000080a00000| Untracked 
|  11|0x0000000080b00000, 0x0000000080c00000, 0x0000000080c00000|100%| O|  |TAMS 0x0000000080c00000, 0x0000000080b00000| Untracked 
|  12|0x0000000080c00000, 0x0000000080d00000, 0x0000000080d00000|100%| O|  |TAMS 0x0000000080d00000, 0x0000000080c00000| Untracked 
|  13|0x0000000080d00000, 0x0000000080e00000, 0x0000000080e00000|100%| O|  |TAMS 0x0000000080e00000, 0x0000000080d00000| Untracked 
|  14|0x0000000080e00000, 0x0000000080f00000, 0x0000000080f00000|100%| O|  |TAMS 0x0000000080f00000, 0x0000000080e00000| Untracked 
|  15|0x0000000080f00000, 0x0000000081000000, 0x0000000081000000|100%| O|  |TAMS 0x0000000081000000, 0x0000000080f00000| Untracked 
|  16|0x0000000081000000, 0x0000000081100000, 0x0000000081100000|100%| O|  |TAMS 0x0000000081100000, 0x0000000081000000| Untracked 
|  17|0x0000000081100000, 0x0000000081200000, 0x0000000081200000|100%| O|  |TAMS 0x0000000081200000, 0x0000000081100000| Untracked 
|  18|0x0000000081200000, 0x0000000081300000, 0x0000000081300000|100%| O|  |TAMS 0x0000000081300000, 0x0000000081200000| Untracked 
|  19|0x0000000081300000, 0x0000000081400000, 0x0000000081400000|100%| O|  |TAMS 0x0000000081400000, 0x0000000081300000| Untracked 
|  20|0x0000000081400000, 0x0000000081500000, 0x0000000081500000|100%| O|  |TAMS 0x0000000081500000, 0x0000000081400000| Untracked 
|  21|0x0000000081500000, 0x0000000081600000, 0x0000000081600000|100%| O|  |TAMS 0x0000000081600000, 0x0000000081500000| Untracked 
|  22|0x0000000081600000, 0x0000000081700000, 0x0000000081700000|100%|HS|  |TAMS 0x0000000081700000, 0x0000000081600000| Complete 
|  23|0x0000000081700000, 0x0000000081800000, 0x0000000081800000|100%|HC|  |TAMS 0x0000000081800000, 0x0000000081700000| Complete 
|  24|0x0000000081800000, 0x0000000081900000, 0x0000000081900000|100%|HC|  |TAMS 0x0000000081900000, 0x0000000081800000| Complete 
|  25|0x0000000081900000, 0x0000000081a00000, 0x0000000081a00000|100%|HC|  |TAMS 0x0000000081a00000, 0x0000000081900000| Complete 
|  26|0x0000000081a00000, 0x0000000081b00000, 0x0000000081b00000|100%|HC|  |TAMS 0x0000000081b00000, 0x0000000081a00000| Complete 
|  27|0x0000000081b00000, 0x0000000081c00000, 0x0000000081c00000|100%|HS|  |TAMS 0x0000000081c00000, 0x0000000081b00000| Complete 
|  28|0x0000000081c00000, 0x0000000081d00000, 0x0000000081d00000|100%|HC|  |TAMS 0x0000000081d00000, 0x0000000081c00000| Complete 
|  29|0x0000000081d00000, 0x0000000081e00000, 0x0000000081e00000|100%|HC|  |TAMS 0x0000000081e00000, 0x0000000081d00000| Complete 
|  30|0x0000000081e00000, 0x0000000081f00000, 0x0000000081f00000|100%|HS|  |TAMS 0x0000000081f00000, 0x0000000081e00000| Complete 
|  31|0x0000000081f00000, 0x0000000082000000, 0x0000000082000000|100%|HC|  |TAMS 0x0000000082000000, 0x0000000081f00000| Complete 
|  32|0x0000000082000000, 0x0000000082100000, 0x0000000082100000|100%|HC|  |TAMS 0x0000000082100000, 0x0000000082000000| Complete 
|  33|0x0000000082100000, 0x0000000082200000, 0x0000000082200000|100%| O|  |TAMS 0x0000000082200000, 0x0000000082100000| Untracked 
|  34|0x0000000082200000, 0x0000000082300000, 0x0000000082300000|100%| O|  |TAMS 0x0000000082300000, 0x0000000082200000| Untracked 
|  35|0x0000000082300000, 0x0000000082400000, 0x0000000082400000|100%| O|  |TAMS 0x0000000082400000, 0x0000000082300000| Untracked 
|  36|0x0000000082400000, 0x0000000082500000, 0x0000000082500000|100%| O|  |TAMS 0x0000000082500000, 0x0000000082400000| Untracked 
|  37|0x0000000082500000, 0x0000000082600000, 0x0000000082600000|100%|HS|  |TAMS 0x0000000082600000, 0x0000000082500000| Complete 
|  38|0x0000000082600000, 0x0000000082700000, 0x0000000082700000|100%| O|  |TAMS 0x0000000082700000, 0x0000000082600000| Untracked 
|  39|0x0000000082700000, 0x0000000082800000, 0x0000000082800000|100%|HS|  |TAMS 0x0000000082800000, 0x0000000082700000| Complete 
|  40|0x0000000082800000, 0x0000000082900000, 0x0000000082900000|100%|HC|  |TAMS 0x0000000082900000, 0x0000000082800000| Complete 
|  41|0x0000000082900000, 0x0000000082a00000, 0x0000000082a00000|100%|HC|  |TAMS 0x0000000082a00000, 0x0000000082900000| Complete 
|  42|0x0000000082a00000, 0x0000000082b00000, 0x0000000082b00000|100%| O|  |TAMS 0x0000000082b00000, 0x0000000082a00000| Untracked 
|  43|0x0000000082b00000, 0x0000000082c00000, 0x0000000082c00000|100%| O|  |TAMS 0x0000000082c00000, 0x0000000082b00000| Untracked 
|  44|0x0000000082c00000, 0x0000000082d00000, 0x0000000082d00000|100%| O|  |TAMS 0x0000000082d00000, 0x0000000082c00000| Untracked 
|  45|0x0000000082d00000, 0x0000000082e00000, 0x0000000082e00000|100%| O|  |TAMS 0x0000000082e00000, 0x0000000082d00000| Untracked 
|  46|0x0000000082e00000, 0x0000000082f00000, 0x0000000082f00000|100%| O|  |TAMS 0x0000000082f00000, 0x0000000082e00000| Untracked 
|  47|0x0000000082f00000, 0x0000000083000000, 0x0000000083000000|100%| O|  |TAMS 0x0000000083000000, 0x0000000082f00000| Untracked 
|  48|0x0000000083000000, 0x0000000083100000, 0x0000000083100000|100%| O|  |TAMS 0x0000000083100000, 0x0000000083000000| Untracked 
|  49|0x0000000083100000, 0x0000000083200000, 0x0000000083200000|100%|HS|  |TAMS 0x0000000083200000, 0x0000000083100000| Complete 
|  50|0x0000000083200000, 0x0000000083300000, 0x0000000083300000|100%|HC|  |TAMS 0x0000000083300000, 0x0000000083200000| Complete 
|  51|0x0000000083300000, 0x0000000083400000, 0x0000000083400000|100%|HC|  |TAMS 0x0000000083400000, 0x0000000083300000| Complete 
|  52|0x0000000083400000, 0x0000000083500000, 0x0000000083500000|100%|HC|  |TAMS 0x0000000083500000, 0x0000000083400000| Complete 
|  53|0x0000000083500000, 0x0000000083600000, 0x0000000083600000|100%|HC|  |TAMS 0x0000000083600000, 0x0000000083500000| Complete 
|  54|0x0000000083600000, 0x0000000083700000, 0x0000000083700000|100%| O|  |TAMS 0x0000000083700000, 0x0000000083600000| Untracked 
|  55|0x0000000083700000, 0x0000000083800000, 0x0000000083800000|100%| O|  |TAMS 0x0000000083800000, 0x0000000083700000| Untracked 
|  56|0x0000000083800000, 0x0000000083900000, 0x0000000083900000|100%| O|  |TAMS 0x0000000083900000, 0x0000000083800000| Untracked 
|  57|0x0000000083900000, 0x0000000083a00000, 0x0000000083a00000|100%| O|  |TAMS 0x0000000083a00000, 0x0000000083900000| Untracked 
|  58|0x0000000083a00000, 0x0000000083b00000, 0x0000000083b00000|100%|HS|  |TAMS 0x0000000083b00000, 0x0000000083a00000| Complete 
|  59|0x0000000083b00000, 0x0000000083c00000, 0x0000000083c00000|100%|HC|  |TAMS 0x0000000083c00000, 0x0000000083b00000| Complete 
|  60|0x0000000083c00000, 0x0000000083d00000, 0x0000000083d00000|100%|HC|  |TAMS 0x0000000083d00000, 0x0000000083c00000| Complete 
|  61|0x0000000083d00000, 0x0000000083e00000, 0x0000000083e00000|100%|HC|  |TAMS 0x0000000083e00000, 0x0000000083d00000| Complete 
|  62|0x0000000083e00000, 0x0000000083f00000, 0x0000000083f00000|100%|HC|  |TAMS 0x0000000083f00000, 0x0000000083e00000| Complete 
|  63|0x0000000083f00000, 0x0000000084000000, 0x0000000084000000|100%|HS|  |TAMS 0x0000000084000000, 0x0000000083f00000| Complete 
|  64|0x0000000084000000, 0x0000000084100000, 0x0000000084100000|100%| O|  |TAMS 0x0000000084100000, 0x0000000084000000| Untracked 
|  65|0x0000000084100000, 0x0000000084200000, 0x0000000084200000|100%| O|  |TAMS 0x0000000084200000, 0x0000000084100000| Untracked 
|  66|0x0000000084200000, 0x0000000084300000, 0x0000000084300000|100%| O|  |TAMS 0x0000000084300000, 0x0000000084200000| Untracked 
|  67|0x0000000084300000, 0x0000000084400000, 0x0000000084400000|100%| O|  |TAMS 0x0000000084400000, 0x0000000084300000| Untracked 
|  68|0x0000000084400000, 0x0000000084500000, 0x0000000084500000|100%| O|  |TAMS 0x0000000084500000, 0x0000000084400000| Untracked 
|  69|0x0000000084500000, 0x0000000084600000, 0x0000000084600000|100%| O|  |TAMS 0x0000000084600000, 0x0000000084500000| Untracked 
|  70|0x0000000084600000, 0x0000000084700000, 0x0000000084700000|100%| O|  |TAMS 0x0000000084700000, 0x0000000084600000| Untracked 
|  71|0x0000000084700000, 0x0000000084800000, 0x0000000084800000|100%|HS|  |TAMS 0x0000000084800000, 0x0000000084700000| Complete 
|  72|0x0000000084800000, 0x0000000084900000, 0x0000000084900000|100%|HS|  |TAMS 0x0000000084900000, 0x0000000084800000| Complete 
|  73|0x0000000084900000, 0x0000000084a00000, 0x0000000084a00000|100%|HS|  |TAMS 0x0000000084a00000, 0x0000000084900000| Complete 
|  74|0x0000000084a00000, 0x0000000084b00000, 0x0000000084b00000|100%|HS|  |TAMS 0x0000000084b00000, 0x0000000084a00000| Complete 
|  75|0x0000000084b00000, 0x0000000084c00000, 0x0000000084c00000|100%| O|  |TAMS 0x0000000084c00000, 0x0000000084b00000| Untracked 
|  76|0x0000000084c00000, 0x0000000084d00000, 0x0000000084d00000|100%| O|  |TAMS 0x0000000084d00000, 0x0000000084c00000| Untracked 
|  77|0x0000000084d00000, 0x0000000084e00000, 0x0000000084e00000|100%|HS|  |TAMS 0x0000000084d00000, 0x0000000084d00000| Complete 
|  78|0x0000000084e00000, 0x0000000084e00000, 0x0000000084f00000|  0%| F|  |TAMS 0x0000000084e00000, 0x0000000084e00000| Untracked 
|  79|0x0000000084f00000, 0x0000000084f00000, 0x0000000085000000|  0%| F|  |TAMS 0x0000000084f00000, 0x0000000084f00000| Untracked 
|  80|0x0000000085000000, 0x0000000085000000, 0x0000000085100000|  0%| F|  |TAMS 0x0000000085000000, 0x0000000085000000| Untracked 
|  81|0x0000000085100000, 0x0000000085200000, 0x0000000085200000|100%| O|  |TAMS 0x0000000085200000, 0x0000000085100000| Untracked 
|  82|0x0000000085200000, 0x0000000085300000, 0x0000000085300000|100%| O|  |TAMS 0x0000000085300000, 0x0000000085200000| Untracked 
|  83|0x0000000085300000, 0x0000000085400000, 0x0000000085400000|100%| O|  |TAMS 0x0000000085400000, 0x0000000085300000| Untracked 
|  84|0x0000000085400000, 0x0000000085500000, 0x0000000085500000|100%| O|  |TAMS 0x0000000085500000, 0x0000000085400000| Untracked 
|  85|0x0000000085500000, 0x0000000085600000, 0x0000000085600000|100%| O|  |TAMS 0x0000000085600000, 0x0000000085500000| Untracked 
|  86|0x0000000085600000, 0x0000000085700000, 0x0000000085700000|100%| O|  |TAMS 0x0000000085700000, 0x0000000085600000| Untracked 
|  87|0x0000000085700000, 0x0000000085800000, 0x0000000085800000|100%| O|  |TAMS 0x0000000085800000, 0x0000000085700000| Untracked 
|  88|0x0000000085800000, 0x0000000085900000, 0x0000000085900000|100%|HS|  |TAMS 0x0000000085900000, 0x0000000085800000| Complete 
|  89|0x0000000085900000, 0x0000000085a00000, 0x0000000085a00000|100%| O|  |TAMS 0x0000000085a00000, 0x0000000085900000| Untracked 
|  90|0x0000000085a00000, 0x0000000085b00000, 0x0000000085b00000|100%| O|  |TAMS 0x0000000085b00000, 0x0000000085a00000| Untracked 
|  91|0x0000000085b00000, 0x0000000085c00000, 0x0000000085c00000|100%| O|  |TAMS 0x0000000085c00000, 0x0000000085b00000| Untracked 
|  92|0x0000000085c00000, 0x0000000085d00000, 0x0000000085d00000|100%| O|  |TAMS 0x0000000085d00000, 0x0000000085c00000| Untracked 
|  93|0x0000000085d00000, 0x0000000085e00000, 0x0000000085e00000|100%|HS|  |TAMS 0x0000000085e00000, 0x0000000085d00000| Complete 
|  94|0x0000000085e00000, 0x0000000085f00000, 0x0000000085f00000|100%| O|  |TAMS 0x0000000085f00000, 0x0000000085e00000| Untracked 
|  95|0x0000000085f00000, 0x0000000086000000, 0x0000000086000000|100%| O|  |TAMS 0x0000000086000000, 0x0000000085f00000| Untracked 
|  96|0x0000000086000000, 0x0000000086100000, 0x0000000086100000|100%| O|  |TAMS 0x0000000086100000, 0x0000000086000000| Untracked 
|  97|0x0000000086100000, 0x0000000086200000, 0x0000000086200000|100%|HS|  |TAMS 0x0000000086200000, 0x0000000086100000| Complete 
|  98|0x0000000086200000, 0x0000000086300000, 0x0000000086300000|100%|HC|  |TAMS 0x0000000086300000, 0x0000000086200000| Complete 
|  99|0x0000000086300000, 0x0000000086400000, 0x0000000086400000|100%|HC|  |TAMS 0x0000000086400000, 0x0000000086300000| Complete 
| 100|0x0000000086400000, 0x0000000086500000, 0x0000000086500000|100%|HC|  |TAMS 0x0000000086500000, 0x0000000086400000| Complete 
| 101|0x0000000086500000, 0x0000000086600000, 0x0000000086600000|100%|HC|  |TAMS 0x0000000086600000, 0x0000000086500000| Complete 
| 102|0x0000000086600000, 0x0000000086700000, 0x0000000086700000|100%|HS|  |TAMS 0x0000000086700000, 0x0000000086600000| Complete 
| 103|0x0000000086700000, 0x0000000086800000, 0x0000000086800000|100%|HC|  |TAMS 0x0000000086800000, 0x0000000086700000| Complete 
| 104|0x0000000086800000, 0x0000000086900000, 0x0000000086900000|100%|HC|  |TAMS 0x0000000086900000, 0x0000000086800000| Complete 
| 105|0x0000000086900000, 0x0000000086a00000, 0x0000000086a00000|100%| O|  |TAMS 0x0000000086a00000, 0x0000000086900000| Untracked 
| 106|0x0000000086a00000, 0x0000000086b00000, 0x0000000086b00000|100%| O|  |TAMS 0x0000000086b00000, 0x0000000086a00000| Untracked 
| 107|0x0000000086b00000, 0x0000000086c00000, 0x0000000086c00000|100%| O|  |TAMS 0x0000000086c00000, 0x0000000086b00000| Untracked 
| 108|0x0000000086c00000, 0x0000000086d00000, 0x0000000086d00000|100%|HS|  |TAMS 0x0000000086d00000, 0x0000000086c00000| Complete 
| 109|0x0000000086d00000, 0x0000000086e00000, 0x0000000086e00000|100%|HC|  |TAMS 0x0000000086e00000, 0x0000000086d00000| Complete 
| 110|0x0000000086e00000, 0x0000000086f00000, 0x0000000086f00000|100%|HC|  |TAMS 0x0000000086f00000, 0x0000000086e00000| Complete 
| 111|0x0000000086f00000, 0x0000000087000000, 0x0000000087000000|100%|HS|  |TAMS 0x0000000087000000, 0x0000000086f00000| Complete 
| 112|0x0000000087000000, 0x0000000087100000, 0x0000000087100000|100%|HS|  |TAMS 0x0000000087100000, 0x0000000087000000| Complete 
| 113|0x0000000087100000, 0x0000000087200000, 0x0000000087200000|100%|HC|  |TAMS 0x0000000087200000, 0x0000000087100000| Complete 
| 114|0x0000000087200000, 0x0000000087300000, 0x0000000087300000|100%|HC|  |TAMS 0x0000000087300000, 0x0000000087200000| Complete 
| 115|0x0000000087300000, 0x0000000087400000, 0x0000000087400000|100%| O|  |TAMS 0x0000000087400000, 0x0000000087300000| Untracked 
| 116|0x0000000087400000, 0x0000000087500000, 0x0000000087500000|100%| O|  |TAMS 0x0000000087500000, 0x0000000087400000| Untracked 
| 117|0x0000000087500000, 0x0000000087600000, 0x0000000087600000|100%| O|  |TAMS 0x0000000087600000, 0x0000000087500000| Untracked 
| 118|0x0000000087600000, 0x0000000087700000, 0x0000000087700000|100%| O|  |TAMS 0x0000000087700000, 0x0000000087600000| Untracked 
| 119|0x0000000087700000, 0x0000000087800000, 0x0000000087800000|100%| O|  |TAMS 0x0000000087800000, 0x0000000087700000| Untracked 
| 120|0x0000000087800000, 0x0000000087900000, 0x0000000087900000|100%| O|  |TAMS 0x0000000087900000, 0x0000000087800000| Untracked 
| 121|0x0000000087900000, 0x0000000087a00000, 0x0000000087a00000|100%| O|  |TAMS 0x0000000087a00000, 0x0000000087900000| Untracked 
| 122|0x0000000087a00000, 0x0000000087b00000, 0x0000000087b00000|100%| O|  |TAMS 0x0000000087b00000, 0x0000000087a00000| Untracked 
| 123|0x0000000087b00000, 0x0000000087c00000, 0x0000000087c00000|100%| O|  |TAMS 0x0000000087c00000, 0x0000000087b00000| Untracked 
| 124|0x0000000087c00000, 0x0000000087d00000, 0x0000000087d00000|100%| O|  |TAMS 0x0000000087d00000, 0x0000000087c00000| Untracked 
| 125|0x0000000087d00000, 0x0000000087e00000, 0x0000000087e00000|100%| O|  |TAMS 0x0000000087e00000, 0x0000000087d00000| Untracked 
| 126|0x0000000087e00000, 0x0000000087e00000, 0x0000000087f00000|  0%| F|  |TAMS 0x0000000087e00000, 0x0000000087e00000| Untracked 
| 127|0x0000000087f00000, 0x0000000088000000, 0x0000000088000000|100%| O|  |TAMS 0x0000000088000000, 0x0000000087f00000| Untracked 
| 128|0x0000000088000000, 0x0000000088100000, 0x0000000088100000|100%| O|  |TAMS 0x0000000088100000, 0x0000000088000000| Untracked 
| 129|0x0000000088100000, 0x0000000088200000, 0x0000000088200000|100%| O|  |TAMS 0x0000000088200000, 0x0000000088100000| Untracked 
| 130|0x0000000088200000, 0x0000000088300000, 0x0000000088300000|100%| O|  |TAMS 0x0000000088300000, 0x0000000088200000| Untracked 
| 131|0x0000000088300000, 0x0000000088400000, 0x0000000088400000|100%| O|  |TAMS 0x0000000088400000, 0x0000000088300000| Untracked 
| 132|0x0000000088400000, 0x0000000088500000, 0x0000000088500000|100%| O|  |TAMS 0x0000000088500000, 0x0000000088400000| Untracked 
| 133|0x0000000088500000, 0x0000000088600000, 0x0000000088600000|100%| O|  |TAMS 0x0000000088600000, 0x0000000088500000| Untracked 
| 134|0x0000000088600000, 0x0000000088600000, 0x0000000088700000|  0%| F|  |TAMS 0x0000000088600000, 0x0000000088600000| Untracked 
| 135|0x0000000088700000, 0x0000000088700000, 0x0000000088800000|  0%| F|  |TAMS 0x0000000088700000, 0x0000000088700000| Untracked 
| 136|0x0000000088800000, 0x0000000088900000, 0x0000000088900000|100%| O|  |TAMS 0x0000000088900000, 0x0000000088800000| Untracked 
| 137|0x0000000088900000, 0x0000000088a00000, 0x0000000088a00000|100%| O|  |TAMS 0x0000000088a00000, 0x0000000088900000| Untracked 
| 138|0x0000000088a00000, 0x0000000088b00000, 0x0000000088b00000|100%| O|  |TAMS 0x0000000088b00000, 0x0000000088a00000| Untracked 
| 139|0x0000000088b00000, 0x0000000088c00000, 0x0000000088c00000|100%| O|  |TAMS 0x0000000088c00000, 0x0000000088b00000| Untracked 
| 140|0x0000000088c00000, 0x0000000088d00000, 0x0000000088d00000|100%| O|  |TAMS 0x0000000088d00000, 0x0000000088c00000| Untracked 
| 141|0x0000000088d00000, 0x0000000088e00000, 0x0000000088e00000|100%| O|  |TAMS 0x0000000088e00000, 0x0000000088d00000| Untracked 
| 142|0x0000000088e00000, 0x0000000088f00000, 0x0000000088f00000|100%| O|  |TAMS 0x0000000088f00000, 0x0000000088e00000| Untracked 
| 143|0x0000000088f00000, 0x0000000089000000, 0x0000000089000000|100%| O|  |TAMS 0x0000000089000000, 0x0000000088f00000| Untracked 
| 144|0x0000000089000000, 0x0000000089100000, 0x0000000089100000|100%| O|  |TAMS 0x0000000089100000, 0x0000000089000000| Untracked 
| 145|0x0000000089100000, 0x0000000089200000, 0x0000000089200000|100%| O|  |TAMS 0x0000000089200000, 0x0000000089100000| Untracked 
| 146|0x0000000089200000, 0x0000000089300000, 0x0000000089300000|100%| O|  |TAMS 0x0000000089300000, 0x0000000089200000| Untracked 
| 147|0x0000000089300000, 0x0000000089400000, 0x0000000089400000|100%| O|  |TAMS 0x0000000089400000, 0x0000000089300000| Untracked 
| 148|0x0000000089400000, 0x0000000089500000, 0x0000000089500000|100%| O|  |TAMS 0x0000000089500000, 0x0000000089400000| Untracked 
| 149|0x0000000089500000, 0x0000000089600000, 0x0000000089600000|100%| O|  |TAMS 0x0000000089600000, 0x0000000089500000| Untracked 
| 150|0x0000000089600000, 0x0000000089700000, 0x0000000089700000|100%| O|  |TAMS 0x0000000089700000, 0x0000000089600000| Untracked 
| 151|0x0000000089700000, 0x0000000089800000, 0x0000000089800000|100%| O|  |TAMS 0x0000000089800000, 0x0000000089700000| Untracked 
| 152|0x0000000089800000, 0x0000000089900000, 0x0000000089900000|100%| O|  |TAMS 0x0000000089900000, 0x0000000089800000| Untracked 
| 153|0x0000000089900000, 0x0000000089a00000, 0x0000000089a00000|100%| O|  |TAMS 0x0000000089a00000, 0x0000000089900000| Untracked 
| 154|0x0000000089a00000, 0x0000000089b00000, 0x0000000089b00000|100%| O|  |TAMS 0x0000000089aa9200, 0x0000000089a00000| Untracked 
| 155|0x0000000089b00000, 0x0000000089c00000, 0x0000000089c00000|100%|HS|  |TAMS 0x0000000089b00000, 0x0000000089b00000| Complete 
| 156|0x0000000089c00000, 0x0000000089d00000, 0x0000000089d00000|100%|HC|  |TAMS 0x0000000089c00000, 0x0000000089c00000| Complete 
| 157|0x0000000089d00000, 0x0000000089e00000, 0x0000000089e00000|100%|HC|  |TAMS 0x0000000089d00000, 0x0000000089d00000| Complete 
| 158|0x0000000089e00000, 0x0000000089f00000, 0x0000000089f00000|100%|HC|  |TAMS 0x0000000089e00000, 0x0000000089e00000| Complete 
| 159|0x0000000089f00000, 0x000000008a000000, 0x000000008a000000|100%|HC|  |TAMS 0x0000000089f00000, 0x0000000089f00000| Complete 
| 160|0x000000008a000000, 0x000000008a100000, 0x000000008a100000|100%|HC|  |TAMS 0x000000008a000000, 0x000000008a000000| Complete 
| 161|0x000000008a100000, 0x000000008a100000, 0x000000008a200000|  0%| F|  |TAMS 0x000000008a100000, 0x000000008a100000| Untracked 
| 162|0x000000008a200000, 0x000000008a300000, 0x000000008a300000|100%| O|  |TAMS 0x000000008a200000, 0x000000008a200000| Untracked 
| 163|0x000000008a300000, 0x000000008a400000, 0x000000008a400000|100%| O|  |TAMS 0x000000008a300000, 0x000000008a300000| Untracked 
| 164|0x000000008a400000, 0x000000008a500000, 0x000000008a500000|100%| O|  |TAMS 0x000000008a400000, 0x000000008a400000| Untracked 
| 165|0x000000008a500000, 0x000000008a600000, 0x000000008a600000|100%| O|  |TAMS 0x000000008a500000, 0x000000008a500000| Untracked 
| 166|0x000000008a600000, 0x000000008a700000, 0x000000008a700000|100%| O|  |TAMS 0x000000008a600000, 0x000000008a600000| Untracked 
| 167|0x000000008a700000, 0x000000008a800000, 0x000000008a800000|100%| O|  |TAMS 0x000000008a700000, 0x000000008a700000| Untracked 
| 168|0x000000008a800000, 0x000000008a900000, 0x000000008a900000|100%| O|  |TAMS 0x000000008a800000, 0x000000008a800000| Untracked 
| 169|0x000000008a900000, 0x000000008aa00000, 0x000000008aa00000|100%| O|  |TAMS 0x000000008a900000, 0x000000008a900000| Untracked 
| 170|0x000000008aa00000, 0x000000008ab00000, 0x000000008ab00000|100%| O|  |TAMS 0x000000008aa00000, 0x000000008aa00000| Untracked 
| 171|0x000000008ab00000, 0x000000008ac00000, 0x000000008ac00000|100%| O|  |TAMS 0x000000008ab00000, 0x000000008ab00000| Untracked 
| 172|0x000000008ac00000, 0x000000008ad00000, 0x000000008ad00000|100%| O|  |TAMS 0x000000008ac00000, 0x000000008ac00000| Untracked 
| 173|0x000000008ad00000, 0x000000008ae00000, 0x000000008ae00000|100%| O|  |TAMS 0x000000008ad00000, 0x000000008ad00000| Untracked 
| 174|0x000000008ae00000, 0x000000008af00000, 0x000000008af00000|100%| O|  |TAMS 0x000000008ae00000, 0x000000008ae00000| Untracked 
| 175|0x000000008af00000, 0x000000008b000000, 0x000000008b000000|100%| O|  |TAMS 0x000000008af00000, 0x000000008af00000| Untracked 
| 176|0x000000008b000000, 0x000000008b0e4a00, 0x000000008b100000| 89%| O|  |TAMS 0x000000008b000000, 0x000000008b000000| Untracked 
| 177|0x000000008b100000, 0x000000008b100000, 0x000000008b200000|  0%| F|  |TAMS 0x000000008b100000, 0x000000008b100000| Untracked 
| 178|0x000000008b200000, 0x000000008b200000, 0x000000008b300000|  0%| F|  |TAMS 0x000000008b200000, 0x000000008b200000| Untracked 
| 179|0x000000008b300000, 0x000000008b300000, 0x000000008b400000|  0%| F|  |TAMS 0x000000008b300000, 0x000000008b300000| Untracked 
| 180|0x000000008b400000, 0x000000008b400000, 0x000000008b500000|  0%| F|  |TAMS 0x000000008b400000, 0x000000008b400000| Untracked 
| 181|0x000000008b500000, 0x000000008b500000, 0x000000008b600000|  0%| F|  |TAMS 0x000000008b500000, 0x000000008b500000| Untracked 
| 182|0x000000008b600000, 0x000000008b600000, 0x000000008b700000|  0%| F|  |TAMS 0x000000008b600000, 0x000000008b600000| Untracked 
| 183|0x000000008b700000, 0x000000008b700000, 0x000000008b800000|  0%| F|  |TAMS 0x000000008b700000, 0x000000008b700000| Untracked 
| 184|0x000000008b800000, 0x000000008b800000, 0x000000008b900000|  0%| F|  |TAMS 0x000000008b800000, 0x000000008b800000| Untracked 
| 185|0x000000008b900000, 0x000000008b900000, 0x000000008ba00000|  0%| F|  |TAMS 0x000000008b900000, 0x000000008b900000| Untracked 
| 186|0x000000008ba00000, 0x000000008ba00000, 0x000000008bb00000|  0%| F|  |TAMS 0x000000008ba00000, 0x000000008ba00000| Untracked 
| 187|0x000000008bb00000, 0x000000008bb00000, 0x000000008bc00000|  0%| F|  |TAMS 0x000000008bb00000, 0x000000008bb00000| Untracked 
| 188|0x000000008bc00000, 0x000000008bc00000, 0x000000008bd00000|  0%| F|  |TAMS 0x000000008bc00000, 0x000000008bc00000| Untracked 
| 189|0x000000008bd00000, 0x000000008bd00000, 0x000000008be00000|  0%| F|  |TAMS 0x000000008bd00000, 0x000000008bd00000| Untracked 
| 190|0x000000008be00000, 0x000000008be00000, 0x000000008bf00000|  0%| F|  |TAMS 0x000000008be00000, 0x000000008be00000| Untracked 
| 191|0x000000008bf00000, 0x000000008bf00000, 0x000000008c000000|  0%| F|  |TAMS 0x000000008bf00000, 0x000000008bf00000| Untracked 
| 192|0x000000008c000000, 0x000000008c000000, 0x000000008c100000|  0%| F|  |TAMS 0x000000008c000000, 0x000000008c000000| Untracked 
| 193|0x000000008c100000, 0x000000008c100000, 0x000000008c200000|  0%| F|  |TAMS 0x000000008c100000, 0x000000008c100000| Untracked 
| 194|0x000000008c200000, 0x000000008c200000, 0x000000008c300000|  0%| F|  |TAMS 0x000000008c200000, 0x000000008c200000| Untracked 
| 195|0x000000008c300000, 0x000000008c300000, 0x000000008c400000|  0%| F|  |TAMS 0x000000008c300000, 0x000000008c300000| Untracked 
| 196|0x000000008c400000, 0x000000008c400000, 0x000000008c500000|  0%| F|  |TAMS 0x000000008c400000, 0x000000008c400000| Untracked 
| 197|0x000000008c500000, 0x000000008c500000, 0x000000008c600000|  0%| F|  |TAMS 0x000000008c500000, 0x000000008c500000| Untracked 
| 198|0x000000008c600000, 0x000000008c600000, 0x000000008c700000|  0%| F|  |TAMS 0x000000008c600000, 0x000000008c600000| Untracked 
| 199|0x000000008c700000, 0x000000008c700000, 0x000000008c800000|  0%| F|  |TAMS 0x000000008c700000, 0x000000008c700000| Untracked 
| 200|0x000000008c800000, 0x000000008c800000, 0x000000008c900000|  0%| F|  |TAMS 0x000000008c800000, 0x000000008c800000| Untracked 
| 201|0x000000008c900000, 0x000000008c900000, 0x000000008ca00000|  0%| F|  |TAMS 0x000000008c900000, 0x000000008c900000| Untracked 
| 202|0x000000008ca00000, 0x000000008ca00000, 0x000000008cb00000|  0%| F|  |TAMS 0x000000008ca00000, 0x000000008ca00000| Untracked 
| 203|0x000000008cb00000, 0x000000008cb00000, 0x000000008cc00000|  0%| F|  |TAMS 0x000000008cb00000, 0x000000008cb00000| Untracked 
| 204|0x000000008cc00000, 0x000000008cc00000, 0x000000008cd00000|  0%| F|  |TAMS 0x000000008cc00000, 0x000000008cc00000| Untracked 
| 205|0x000000008cd00000, 0x000000008cd00000, 0x000000008ce00000|  0%| F|  |TAMS 0x000000008cd00000, 0x000000008cd00000| Untracked 
| 206|0x000000008ce00000, 0x000000008ce00000, 0x000000008cf00000|  0%| F|  |TAMS 0x000000008ce00000, 0x000000008ce00000| Untracked 
| 207|0x000000008cf00000, 0x000000008cf00000, 0x000000008d000000|  0%| F|  |TAMS 0x000000008cf00000, 0x000000008cf00000| Untracked 
| 208|0x000000008d000000, 0x000000008d000000, 0x000000008d100000|  0%| F|  |TAMS 0x000000008d000000, 0x000000008d000000| Untracked 
| 209|0x000000008d100000, 0x000000008d100000, 0x000000008d200000|  0%| F|  |TAMS 0x000000008d100000, 0x000000008d100000| Untracked 
| 210|0x000000008d200000, 0x000000008d200000, 0x000000008d300000|  0%| F|  |TAMS 0x000000008d200000, 0x000000008d200000| Untracked 
| 211|0x000000008d300000, 0x000000008d300000, 0x000000008d400000|  0%| F|  |TAMS 0x000000008d300000, 0x000000008d300000| Untracked 
| 212|0x000000008d400000, 0x000000008d400000, 0x000000008d500000|  0%| F|  |TAMS 0x000000008d400000, 0x000000008d400000| Untracked 
| 213|0x000000008d500000, 0x000000008d500000, 0x000000008d600000|  0%| F|  |TAMS 0x000000008d500000, 0x000000008d500000| Untracked 
| 214|0x000000008d600000, 0x000000008d600000, 0x000000008d700000|  0%| F|  |TAMS 0x000000008d600000, 0x000000008d600000| Untracked 
| 215|0x000000008d700000, 0x000000008d700000, 0x000000008d800000|  0%| F|  |TAMS 0x000000008d700000, 0x000000008d700000| Untracked 
| 216|0x000000008d800000, 0x000000008d800000, 0x000000008d900000|  0%| F|  |TAMS 0x000000008d800000, 0x000000008d800000| Untracked 
| 217|0x000000008d900000, 0x000000008d900000, 0x000000008da00000|  0%| F|  |TAMS 0x000000008d900000, 0x000000008d900000| Untracked 
| 218|0x000000008da00000, 0x000000008da00000, 0x000000008db00000|  0%| F|  |TAMS 0x000000008da00000, 0x000000008da00000| Untracked 
| 219|0x000000008db00000, 0x000000008db00000, 0x000000008dc00000|  0%| F|  |TAMS 0x000000008db00000, 0x000000008db00000| Untracked 
| 220|0x000000008dc00000, 0x000000008dc00000, 0x000000008dd00000|  0%| F|  |TAMS 0x000000008dc00000, 0x000000008dc00000| Untracked 
| 221|0x000000008dd00000, 0x000000008dd00000, 0x000000008de00000|  0%| F|  |TAMS 0x000000008dd00000, 0x000000008dd00000| Untracked 
| 222|0x000000008de00000, 0x000000008de00000, 0x000000008df00000|  0%| F|  |TAMS 0x000000008de00000, 0x000000008de00000| Untracked 
| 223|0x000000008df00000, 0x000000008df00000, 0x000000008e000000|  0%| F|  |TAMS 0x000000008df00000, 0x000000008df00000| Untracked 
| 224|0x000000008e000000, 0x000000008e000000, 0x000000008e100000|  0%| F|  |TAMS 0x000000008e000000, 0x000000008e000000| Untracked 
| 225|0x000000008e100000, 0x000000008e100000, 0x000000008e200000|  0%| F|  |TAMS 0x000000008e100000, 0x000000008e100000| Untracked 
| 226|0x000000008e200000, 0x000000008e200000, 0x000000008e300000|  0%| F|  |TAMS 0x000000008e200000, 0x000000008e200000| Untracked 
| 227|0x000000008e300000, 0x000000008e300000, 0x000000008e400000|  0%| F|  |TAMS 0x000000008e300000, 0x000000008e300000| Untracked 
| 228|0x000000008e400000, 0x000000008e400000, 0x000000008e500000|  0%| F|  |TAMS 0x000000008e400000, 0x000000008e400000| Untracked 
| 229|0x000000008e500000, 0x000000008e500000, 0x000000008e600000|  0%| F|  |TAMS 0x000000008e500000, 0x000000008e500000| Untracked 
| 230|0x000000008e600000, 0x000000008e600000, 0x000000008e700000|  0%| F|  |TAMS 0x000000008e600000, 0x000000008e600000| Untracked 
| 231|0x000000008e700000, 0x000000008e700000, 0x000000008e800000|  0%| F|  |TAMS 0x000000008e700000, 0x000000008e700000| Untracked 
| 232|0x000000008e800000, 0x000000008e800000, 0x000000008e900000|  0%| F|  |TAMS 0x000000008e800000, 0x000000008e800000| Untracked 
| 233|0x000000008e900000, 0x000000008e900000, 0x000000008ea00000|  0%| F|  |TAMS 0x000000008e900000, 0x000000008e900000| Untracked 
| 234|0x000000008ea00000, 0x000000008ea00000, 0x000000008eb00000|  0%| F|  |TAMS 0x000000008ea00000, 0x000000008ea00000| Untracked 
| 235|0x000000008eb00000, 0x000000008eb00000, 0x000000008ec00000|  0%| F|  |TAMS 0x000000008eb00000, 0x000000008eb00000| Untracked 
| 236|0x000000008ec00000, 0x000000008ec00000, 0x000000008ed00000|  0%| F|  |TAMS 0x000000008ec00000, 0x000000008ec00000| Untracked 
| 237|0x000000008ed00000, 0x000000008ed00000, 0x000000008ee00000|  0%| F|  |TAMS 0x000000008ed00000, 0x000000008ed00000| Untracked 
| 238|0x000000008ee00000, 0x000000008ee00000, 0x000000008ef00000|  0%| F|  |TAMS 0x000000008ee00000, 0x000000008ee00000| Untracked 
| 239|0x000000008ef00000, 0x000000008ef00000, 0x000000008f000000|  0%| F|  |TAMS 0x000000008ef00000, 0x000000008ef00000| Untracked 
| 240|0x000000008f000000, 0x000000008f000000, 0x000000008f100000|  0%| F|  |TAMS 0x000000008f000000, 0x000000008f000000| Untracked 
| 241|0x000000008f100000, 0x000000008f100000, 0x000000008f200000|  0%| F|  |TAMS 0x000000008f100000, 0x000000008f100000| Untracked 
| 242|0x000000008f200000, 0x000000008f200000, 0x000000008f300000|  0%| F|  |TAMS 0x000000008f200000, 0x000000008f200000| Untracked 
| 243|0x000000008f300000, 0x000000008f300000, 0x000000008f400000|  0%| F|  |TAMS 0x000000008f300000, 0x000000008f300000| Untracked 
| 244|0x000000008f400000, 0x000000008f400000, 0x000000008f500000|  0%| F|  |TAMS 0x000000008f400000, 0x000000008f400000| Untracked 
| 245|0x000000008f500000, 0x000000008f500000, 0x000000008f600000|  0%| F|  |TAMS 0x000000008f500000, 0x000000008f500000| Untracked 
| 246|0x000000008f600000, 0x000000008f600000, 0x000000008f700000|  0%| F|  |TAMS 0x000000008f600000, 0x000000008f600000| Untracked 
| 247|0x000000008f700000, 0x000000008f700000, 0x000000008f800000|  0%| F|  |TAMS 0x000000008f700000, 0x000000008f700000| Untracked 
| 248|0x000000008f800000, 0x000000008f800000, 0x000000008f900000|  0%| F|  |TAMS 0x000000008f800000, 0x000000008f800000| Untracked 
| 249|0x000000008f900000, 0x000000008f900000, 0x000000008fa00000|  0%| F|  |TAMS 0x000000008f900000, 0x000000008f900000| Untracked 
| 250|0x000000008fa00000, 0x000000008fa00000, 0x000000008fb00000|  0%| F|  |TAMS 0x000000008fa00000, 0x000000008fa00000| Untracked 
| 251|0x000000008fb00000, 0x000000008fb00000, 0x000000008fc00000|  0%| F|  |TAMS 0x000000008fb00000, 0x000000008fb00000| Untracked 
| 252|0x000000008fc00000, 0x000000008fc00000, 0x000000008fd00000|  0%| F|  |TAMS 0x000000008fc00000, 0x000000008fc00000| Untracked 
| 253|0x000000008fd00000, 0x000000008fd00000, 0x000000008fe00000|  0%| F|  |TAMS 0x000000008fd00000, 0x000000008fd00000| Untracked 
| 254|0x000000008fe00000, 0x000000008fe00000, 0x000000008ff00000|  0%| F|  |TAMS 0x000000008fe00000, 0x000000008fe00000| Untracked 
| 255|0x000000008ff00000, 0x000000008ff00000, 0x0000000090000000|  0%| F|  |TAMS 0x000000008ff00000, 0x000000008ff00000| Untracked 
| 256|0x0000000090000000, 0x0000000090000000, 0x0000000090100000|  0%| F|  |TAMS 0x0000000090000000, 0x0000000090000000| Untracked 
| 257|0x0000000090100000, 0x0000000090100000, 0x0000000090200000|  0%| F|  |TAMS 0x0000000090100000, 0x0000000090100000| Untracked 
| 258|0x0000000090200000, 0x0000000090200000, 0x0000000090300000|  0%| F|  |TAMS 0x0000000090200000, 0x0000000090200000| Untracked 
| 259|0x0000000090300000, 0x0000000090300000, 0x0000000090400000|  0%| F|  |TAMS 0x0000000090300000, 0x0000000090300000| Untracked 
| 260|0x0000000090400000, 0x0000000090400000, 0x0000000090500000|  0%| F|  |TAMS 0x0000000090400000, 0x0000000090400000| Untracked 
| 261|0x0000000090500000, 0x0000000090500000, 0x0000000090600000|  0%| F|  |TAMS 0x0000000090500000, 0x0000000090500000| Untracked 
| 262|0x0000000090600000, 0x0000000090600000, 0x0000000090700000|  0%| F|  |TAMS 0x0000000090600000, 0x0000000090600000| Untracked 
| 263|0x0000000090700000, 0x0000000090700000, 0x0000000090800000|  0%| F|  |TAMS 0x0000000090700000, 0x0000000090700000| Untracked 
| 264|0x0000000090800000, 0x0000000090800000, 0x0000000090900000|  0%| F|  |TAMS 0x0000000090800000, 0x0000000090800000| Untracked 
| 265|0x0000000090900000, 0x0000000090900000, 0x0000000090a00000|  0%| F|  |TAMS 0x0000000090900000, 0x0000000090900000| Untracked 
| 266|0x0000000090a00000, 0x0000000090a00000, 0x0000000090b00000|  0%| F|  |TAMS 0x0000000090a00000, 0x0000000090a00000| Untracked 
| 267|0x0000000090b00000, 0x0000000090b00000, 0x0000000090c00000|  0%| F|  |TAMS 0x0000000090b00000, 0x0000000090b00000| Untracked 
| 268|0x0000000090c00000, 0x0000000090c00000, 0x0000000090d00000|  0%| F|  |TAMS 0x0000000090c00000, 0x0000000090c00000| Untracked 
| 269|0x0000000090d00000, 0x0000000090d00000, 0x0000000090e00000|  0%| F|  |TAMS 0x0000000090d00000, 0x0000000090d00000| Untracked 
| 270|0x0000000090e00000, 0x0000000090e00000, 0x0000000090f00000|  0%| F|  |TAMS 0x0000000090e00000, 0x0000000090e00000| Untracked 
| 271|0x0000000090f00000, 0x0000000090f00000, 0x0000000091000000|  0%| F|  |TAMS 0x0000000090f00000, 0x0000000090f00000| Untracked 
| 272|0x0000000091000000, 0x0000000091000000, 0x0000000091100000|  0%| F|  |TAMS 0x0000000091000000, 0x0000000091000000| Untracked 
| 273|0x0000000091100000, 0x0000000091100000, 0x0000000091200000|  0%| F|  |TAMS 0x0000000091100000, 0x0000000091100000| Untracked 
| 274|0x0000000091200000, 0x0000000091200000, 0x0000000091300000|  0%| F|  |TAMS 0x0000000091200000, 0x0000000091200000| Untracked 
| 275|0x0000000091300000, 0x0000000091300000, 0x0000000091400000|  0%| F|  |TAMS 0x0000000091300000, 0x0000000091300000| Untracked 
| 276|0x0000000091400000, 0x0000000091450d08, 0x0000000091500000| 31%| S|CS|TAMS 0x0000000091400000, 0x0000000091400000| Complete 
| 277|0x0000000091500000, 0x0000000091600000, 0x0000000091600000|100%| S|CS|TAMS 0x0000000091500000, 0x0000000091500000| Complete 
| 278|0x0000000091600000, 0x0000000091700000, 0x0000000091700000|100%| S|CS|TAMS 0x0000000091600000, 0x0000000091600000| Complete 
| 279|0x0000000091700000, 0x0000000091800000, 0x0000000091800000|100%| S|CS|TAMS 0x0000000091700000, 0x0000000091700000| Complete 
| 280|0x0000000091800000, 0x0000000091900000, 0x0000000091900000|100%| S|CS|TAMS 0x0000000091800000, 0x0000000091800000| Complete 
| 281|0x0000000091900000, 0x0000000091a00000, 0x0000000091a00000|100%| S|CS|TAMS 0x0000000091900000, 0x0000000091900000| Complete 
| 282|0x0000000091a00000, 0x0000000091b00000, 0x0000000091b00000|100%| S|CS|TAMS 0x0000000091a00000, 0x0000000091a00000| Complete 
| 283|0x0000000091b00000, 0x0000000091c00000, 0x0000000091c00000|100%| S|CS|TAMS 0x0000000091b00000, 0x0000000091b00000| Complete 
| 284|0x0000000091c00000, 0x0000000091d00000, 0x0000000091d00000|100%| S|CS|TAMS 0x0000000091c00000, 0x0000000091c00000| Complete 
| 285|0x0000000091d00000, 0x0000000091e00000, 0x0000000091e00000|100%| S|CS|TAMS 0x0000000091d00000, 0x0000000091d00000| Complete 
| 286|0x0000000091e00000, 0x0000000091f00000, 0x0000000091f00000|100%| S|CS|TAMS 0x0000000091e00000, 0x0000000091e00000| Complete 
| 287|0x0000000091f00000, 0x0000000092000000, 0x0000000092000000|100%| S|CS|TAMS 0x0000000091f00000, 0x0000000091f00000| Complete 
| 288|0x0000000092000000, 0x0000000092100000, 0x0000000092100000|100%| S|CS|TAMS 0x0000000092000000, 0x0000000092000000| Complete 
| 289|0x0000000092100000, 0x0000000092200000, 0x0000000092200000|100%| S|CS|TAMS 0x0000000092100000, 0x0000000092100000| Complete 
| 290|0x0000000092200000, 0x0000000092300000, 0x0000000092300000|100%| S|CS|TAMS 0x0000000092200000, 0x0000000092200000| Complete 
| 291|0x0000000092300000, 0x0000000092400000, 0x0000000092400000|100%| S|CS|TAMS 0x0000000092300000, 0x0000000092300000| Complete 
| 292|0x0000000092400000, 0x0000000092500000, 0x0000000092500000|100%| S|CS|TAMS 0x0000000092400000, 0x0000000092400000| Complete 
| 293|0x0000000092500000, 0x0000000092600000, 0x0000000092600000|100%| S|CS|TAMS 0x0000000092500000, 0x0000000092500000| Complete 
| 294|0x0000000092600000, 0x0000000092700000, 0x0000000092700000|100%| S|CS|TAMS 0x0000000092600000, 0x0000000092600000| Complete 
| 295|0x0000000092700000, 0x0000000092800000, 0x0000000092800000|100%| S|CS|TAMS 0x0000000092700000, 0x0000000092700000| Complete 
| 296|0x0000000092800000, 0x0000000092900000, 0x0000000092900000|100%| S|CS|TAMS 0x0000000092800000, 0x0000000092800000| Complete 
| 297|0x0000000092900000, 0x0000000092a00000, 0x0000000092a00000|100%| S|CS|TAMS 0x0000000092900000, 0x0000000092900000| Complete 
| 298|0x0000000092a00000, 0x0000000092b00000, 0x0000000092b00000|100%| S|CS|TAMS 0x0000000092a00000, 0x0000000092a00000| Complete 
| 299|0x0000000092b00000, 0x0000000092b00000, 0x0000000092c00000|  0%| F|  |TAMS 0x0000000092b00000, 0x0000000092b00000| Untracked 
| 300|0x0000000092c00000, 0x0000000092c00000, 0x0000000092d00000|  0%| F|  |TAMS 0x0000000092c00000, 0x0000000092c00000| Untracked 
| 301|0x0000000092d00000, 0x0000000092d00000, 0x0000000092e00000|  0%| F|  |TAMS 0x0000000092d00000, 0x0000000092d00000| Untracked 
| 302|0x0000000092e00000, 0x0000000092e00000, 0x0000000092f00000|  0%| F|  |TAMS 0x0000000092e00000, 0x0000000092e00000| Untracked 
| 303|0x0000000092f00000, 0x0000000092f00000, 0x0000000093000000|  0%| F|  |TAMS 0x0000000092f00000, 0x0000000092f00000| Untracked 
| 304|0x0000000093000000, 0x0000000093000000, 0x0000000093100000|  0%| F|  |TAMS 0x0000000093000000, 0x0000000093000000| Untracked 
| 305|0x0000000093100000, 0x0000000093100000, 0x0000000093200000|  0%| F|  |TAMS 0x0000000093100000, 0x0000000093100000| Untracked 
| 306|0x0000000093200000, 0x0000000093200000, 0x0000000093300000|  0%| F|  |TAMS 0x0000000093200000, 0x0000000093200000| Untracked 
| 307|0x0000000093300000, 0x0000000093300000, 0x0000000093400000|  0%| F|  |TAMS 0x0000000093300000, 0x0000000093300000| Untracked 
| 308|0x0000000093400000, 0x0000000093400000, 0x0000000093500000|  0%| F|  |TAMS 0x0000000093400000, 0x0000000093400000| Untracked 
| 309|0x0000000093500000, 0x0000000093500000, 0x0000000093600000|  0%| F|  |TAMS 0x0000000093500000, 0x0000000093500000| Untracked 
| 310|0x0000000093600000, 0x0000000093600000, 0x0000000093700000|  0%| F|  |TAMS 0x0000000093600000, 0x0000000093600000| Untracked 
| 311|0x0000000093700000, 0x0000000093700000, 0x0000000093800000|  0%| F|  |TAMS 0x0000000093700000, 0x0000000093700000| Untracked 
| 312|0x0000000093800000, 0x0000000093800000, 0x0000000093900000|  0%| F|  |TAMS 0x0000000093800000, 0x0000000093800000| Untracked 
| 313|0x0000000093900000, 0x0000000093900000, 0x0000000093a00000|  0%| F|  |TAMS 0x0000000093900000, 0x0000000093900000| Untracked 
| 314|0x0000000093a00000, 0x0000000093a00000, 0x0000000093b00000|  0%| F|  |TAMS 0x0000000093a00000, 0x0000000093a00000| Untracked 
| 315|0x0000000093b00000, 0x0000000093b00000, 0x0000000093c00000|  0%| F|  |TAMS 0x0000000093b00000, 0x0000000093b00000| Untracked 
| 316|0x0000000093c00000, 0x0000000093c00000, 0x0000000093d00000|  0%| F|  |TAMS 0x0000000093c00000, 0x0000000093c00000| Untracked 
| 317|0x0000000093d00000, 0x0000000093d00000, 0x0000000093e00000|  0%| F|  |TAMS 0x0000000093d00000, 0x0000000093d00000| Untracked 
| 318|0x0000000093e00000, 0x0000000093e00000, 0x0000000093f00000|  0%| F|  |TAMS 0x0000000093e00000, 0x0000000093e00000| Untracked 
| 319|0x0000000093f00000, 0x0000000093f00000, 0x0000000094000000|  0%| F|  |TAMS 0x0000000093f00000, 0x0000000093f00000| Untracked 
| 320|0x0000000094000000, 0x0000000094000000, 0x0000000094100000|  0%| F|  |TAMS 0x0000000094000000, 0x0000000094000000| Untracked 
| 321|0x0000000094100000, 0x0000000094100000, 0x0000000094200000|  0%| F|  |TAMS 0x0000000094100000, 0x0000000094100000| Untracked 
| 322|0x0000000094200000, 0x0000000094200000, 0x0000000094300000|  0%| F|  |TAMS 0x0000000094200000, 0x0000000094200000| Untracked 
| 323|0x0000000094300000, 0x0000000094300000, 0x0000000094400000|  0%| F|  |TAMS 0x0000000094300000, 0x0000000094300000| Untracked 
| 324|0x0000000094400000, 0x0000000094400000, 0x0000000094500000|  0%| F|  |TAMS 0x0000000094400000, 0x0000000094400000| Untracked 
| 325|0x0000000094500000, 0x0000000094500000, 0x0000000094600000|  0%| F|  |TAMS 0x0000000094500000, 0x0000000094500000| Untracked 
| 326|0x0000000094600000, 0x0000000094600000, 0x0000000094700000|  0%| F|  |TAMS 0x0000000094600000, 0x0000000094600000| Untracked 
| 327|0x0000000094700000, 0x0000000094700000, 0x0000000094800000|  0%| F|  |TAMS 0x0000000094700000, 0x0000000094700000| Untracked 
| 328|0x0000000094800000, 0x0000000094800000, 0x0000000094900000|  0%| F|  |TAMS 0x0000000094800000, 0x0000000094800000| Untracked 
| 329|0x0000000094900000, 0x0000000094900000, 0x0000000094a00000|  0%| F|  |TAMS 0x0000000094900000, 0x0000000094900000| Untracked 
| 330|0x0000000094a00000, 0x0000000094a00000, 0x0000000094b00000|  0%| F|  |TAMS 0x0000000094a00000, 0x0000000094a00000| Untracked 
| 331|0x0000000094b00000, 0x0000000094b00000, 0x0000000094c00000|  0%| F|  |TAMS 0x0000000094b00000, 0x0000000094b00000| Untracked 
| 332|0x0000000094c00000, 0x0000000094c00000, 0x0000000094d00000|  0%| F|  |TAMS 0x0000000094c00000, 0x0000000094c00000| Untracked 
| 333|0x0000000094d00000, 0x0000000094d00000, 0x0000000094e00000|  0%| F|  |TAMS 0x0000000094d00000, 0x0000000094d00000| Untracked 
| 334|0x0000000094e00000, 0x0000000094eb05b0, 0x0000000094f00000| 68%| E|  |TAMS 0x0000000094e00000, 0x0000000094e00000| Complete 
| 335|0x0000000094f00000, 0x0000000095000000, 0x0000000095000000|100%| E|CS|TAMS 0x0000000094f00000, 0x0000000094f00000| Complete 
| 336|0x0000000095000000, 0x0000000095100000, 0x0000000095100000|100%| E|CS|TAMS 0x0000000095000000, 0x0000000095000000| Complete 
| 337|0x0000000095100000, 0x0000000095200000, 0x0000000095200000|100%| E|CS|TAMS 0x0000000095100000, 0x0000000095100000| Complete 
| 338|0x0000000095200000, 0x0000000095300000, 0x0000000095300000|100%| E|CS|TAMS 0x0000000095200000, 0x0000000095200000| Complete 
| 339|0x0000000095300000, 0x0000000095400000, 0x0000000095400000|100%| E|CS|TAMS 0x0000000095300000, 0x0000000095300000| Complete 
| 340|0x0000000095400000, 0x0000000095500000, 0x0000000095500000|100%| E|CS|TAMS 0x0000000095400000, 0x0000000095400000| Complete 
| 341|0x0000000095500000, 0x0000000095600000, 0x0000000095600000|100%| E|CS|TAMS 0x0000000095500000, 0x0000000095500000| Complete 
| 342|0x0000000095600000, 0x0000000095700000, 0x0000000095700000|100%| E|CS|TAMS 0x0000000095600000, 0x0000000095600000| Complete 
| 343|0x0000000095700000, 0x0000000095800000, 0x0000000095800000|100%| E|CS|TAMS 0x0000000095700000, 0x0000000095700000| Complete 
| 344|0x0000000095800000, 0x0000000095900000, 0x0000000095900000|100%| E|CS|TAMS 0x0000000095800000, 0x0000000095800000| Complete 
| 345|0x0000000095900000, 0x0000000095a00000, 0x0000000095a00000|100%| E|CS|TAMS 0x0000000095900000, 0x0000000095900000| Complete 
| 346|0x0000000095a00000, 0x0000000095b00000, 0x0000000095b00000|100%| E|CS|TAMS 0x0000000095a00000, 0x0000000095a00000| Complete 
| 347|0x0000000095b00000, 0x0000000095c00000, 0x0000000095c00000|100%| E|CS|TAMS 0x0000000095b00000, 0x0000000095b00000| Complete 
| 348|0x0000000095c00000, 0x0000000095d00000, 0x0000000095d00000|100%| E|CS|TAMS 0x0000000095c00000, 0x0000000095c00000| Complete 
| 349|0x0000000095d00000, 0x0000000095e00000, 0x0000000095e00000|100%| E|CS|TAMS 0x0000000095d00000, 0x0000000095d00000| Complete 
| 350|0x0000000095e00000, 0x0000000095f00000, 0x0000000095f00000|100%| E|CS|TAMS 0x0000000095e00000, 0x0000000095e00000| Complete 
| 351|0x0000000095f00000, 0x0000000096000000, 0x0000000096000000|100%| E|  |TAMS 0x0000000095f00000, 0x0000000095f00000| Complete 
| 352|0x0000000096000000, 0x0000000096100000, 0x0000000096100000|100%| E|CS|TAMS 0x0000000096000000, 0x0000000096000000| Complete 
| 353|0x0000000096100000, 0x0000000096200000, 0x0000000096200000|100%| E|CS|TAMS 0x0000000096100000, 0x0000000096100000| Complete 
| 354|0x0000000096200000, 0x0000000096300000, 0x0000000096300000|100%| E|CS|TAMS 0x0000000096200000, 0x0000000096200000| Complete 
| 355|0x0000000096300000, 0x0000000096400000, 0x0000000096400000|100%| E|CS|TAMS 0x0000000096300000, 0x0000000096300000| Complete 
| 356|0x0000000096400000, 0x0000000096500000, 0x0000000096500000|100%| E|CS|TAMS 0x0000000096400000, 0x0000000096400000| Complete 
| 357|0x0000000096500000, 0x0000000096600000, 0x0000000096600000|100%| E|CS|TAMS 0x0000000096500000, 0x0000000096500000| Complete 
| 358|0x0000000096600000, 0x0000000096700000, 0x0000000096700000|100%| E|CS|TAMS 0x0000000096600000, 0x0000000096600000| Complete 
| 359|0x0000000096700000, 0x0000000096800000, 0x0000000096800000|100%| E|CS|TAMS 0x0000000096700000, 0x0000000096700000| Complete 
| 360|0x0000000096800000, 0x0000000096900000, 0x0000000096900000|100%| E|CS|TAMS 0x0000000096800000, 0x0000000096800000| Complete 
| 361|0x0000000096900000, 0x0000000096a00000, 0x0000000096a00000|100%| E|CS|TAMS 0x0000000096900000, 0x0000000096900000| Complete 
| 362|0x0000000096a00000, 0x0000000096b00000, 0x0000000096b00000|100%| E|CS|TAMS 0x0000000096a00000, 0x0000000096a00000| Complete 
| 363|0x0000000096b00000, 0x0000000096c00000, 0x0000000096c00000|100%| E|CS|TAMS 0x0000000096b00000, 0x0000000096b00000| Complete 
| 364|0x0000000096c00000, 0x0000000096d00000, 0x0000000096d00000|100%| E|CS|TAMS 0x0000000096c00000, 0x0000000096c00000| Complete 
| 365|0x0000000096d00000, 0x0000000096e00000, 0x0000000096e00000|100%| E|CS|TAMS 0x0000000096d00000, 0x0000000096d00000| Complete 
| 366|0x0000000096e00000, 0x0000000096f00000, 0x0000000096f00000|100%| E|CS|TAMS 0x0000000096e00000, 0x0000000096e00000| Complete 
| 367|0x0000000096f00000, 0x0000000097000000, 0x0000000097000000|100%| E|CS|TAMS 0x0000000096f00000, 0x0000000096f00000| Complete 
| 368|0x0000000097000000, 0x0000000097100000, 0x0000000097100000|100%| E|CS|TAMS 0x0000000097000000, 0x0000000097000000| Complete 
| 369|0x0000000097100000, 0x0000000097200000, 0x0000000097200000|100%| E|CS|TAMS 0x0000000097100000, 0x0000000097100000| Complete 
| 370|0x0000000097200000, 0x0000000097300000, 0x0000000097300000|100%| E|CS|TAMS 0x0000000097200000, 0x0000000097200000| Complete 
| 371|0x0000000097300000, 0x0000000097400000, 0x0000000097400000|100%| E|CS|TAMS 0x0000000097300000, 0x0000000097300000| Complete 
| 372|0x0000000097400000, 0x0000000097500000, 0x0000000097500000|100%| E|CS|TAMS 0x0000000097400000, 0x0000000097400000| Complete 
| 373|0x0000000097500000, 0x0000000097600000, 0x0000000097600000|100%| E|CS|TAMS 0x0000000097500000, 0x0000000097500000| Complete 
| 374|0x0000000097600000, 0x0000000097700000, 0x0000000097700000|100%| E|CS|TAMS 0x0000000097600000, 0x0000000097600000| Complete 
| 375|0x0000000097700000, 0x0000000097800000, 0x0000000097800000|100%| E|CS|TAMS 0x0000000097700000, 0x0000000097700000| Complete 
| 376|0x0000000097800000, 0x0000000097900000, 0x0000000097900000|100%| E|CS|TAMS 0x0000000097800000, 0x0000000097800000| Complete 
| 377|0x0000000097900000, 0x0000000097a00000, 0x0000000097a00000|100%| E|CS|TAMS 0x0000000097900000, 0x0000000097900000| Complete 
| 378|0x0000000097a00000, 0x0000000097b00000, 0x0000000097b00000|100%| E|CS|TAMS 0x0000000097a00000, 0x0000000097a00000| Complete 
| 379|0x0000000097b00000, 0x0000000097c00000, 0x0000000097c00000|100%| E|CS|TAMS 0x0000000097b00000, 0x0000000097b00000| Complete 
| 380|0x0000000097c00000, 0x0000000097d00000, 0x0000000097d00000|100%| E|CS|TAMS 0x0000000097c00000, 0x0000000097c00000| Complete 
| 381|0x0000000097d00000, 0x0000000097e00000, 0x0000000097e00000|100%| E|CS|TAMS 0x0000000097d00000, 0x0000000097d00000| Complete 
| 382|0x0000000097e00000, 0x0000000097f00000, 0x0000000097f00000|100%| E|CS|TAMS 0x0000000097e00000, 0x0000000097e00000| Complete 
| 383|0x0000000097f00000, 0x0000000098000000, 0x0000000098000000|100%| E|CS|TAMS 0x0000000097f00000, 0x0000000097f00000| Complete 
| 384|0x0000000098000000, 0x0000000098100000, 0x0000000098100000|100%| E|CS|TAMS 0x0000000098000000, 0x0000000098000000| Complete 
| 385|0x0000000098100000, 0x0000000098200000, 0x0000000098200000|100%| E|CS|TAMS 0x0000000098100000, 0x0000000098100000| Complete 
| 386|0x0000000098200000, 0x0000000098300000, 0x0000000098300000|100%| E|CS|TAMS 0x0000000098200000, 0x0000000098200000| Complete 
| 387|0x0000000098300000, 0x0000000098400000, 0x0000000098400000|100%| E|CS|TAMS 0x0000000098300000, 0x0000000098300000| Complete 
| 388|0x0000000098400000, 0x0000000098500000, 0x0000000098500000|100%| E|CS|TAMS 0x0000000098400000, 0x0000000098400000| Complete 
| 389|0x0000000098500000, 0x0000000098600000, 0x0000000098600000|100%| E|CS|TAMS 0x0000000098500000, 0x0000000098500000| Complete 
| 390|0x0000000098600000, 0x0000000098700000, 0x0000000098700000|100%| E|CS|TAMS 0x0000000098600000, 0x0000000098600000| Complete 
| 391|0x0000000098700000, 0x0000000098800000, 0x0000000098800000|100%| E|CS|TAMS 0x0000000098700000, 0x0000000098700000| Complete 
| 392|0x0000000098800000, 0x0000000098900000, 0x0000000098900000|100%| E|CS|TAMS 0x0000000098800000, 0x0000000098800000| Complete 
| 393|0x0000000098900000, 0x0000000098a00000, 0x0000000098a00000|100%| E|CS|TAMS 0x0000000098900000, 0x0000000098900000| Complete 
| 394|0x0000000098a00000, 0x0000000098b00000, 0x0000000098b00000|100%| E|CS|TAMS 0x0000000098a00000, 0x0000000098a00000| Complete 
| 395|0x0000000098b00000, 0x0000000098c00000, 0x0000000098c00000|100%| E|CS|TAMS 0x0000000098b00000, 0x0000000098b00000| Complete 
| 396|0x0000000098c00000, 0x0000000098d00000, 0x0000000098d00000|100%| E|CS|TAMS 0x0000000098c00000, 0x0000000098c00000| Complete 
| 397|0x0000000098d00000, 0x0000000098e00000, 0x0000000098e00000|100%| E|CS|TAMS 0x0000000098d00000, 0x0000000098d00000| Complete 
| 398|0x0000000098e00000, 0x0000000098f00000, 0x0000000098f00000|100%| E|CS|TAMS 0x0000000098e00000, 0x0000000098e00000| Complete 
| 399|0x0000000098f00000, 0x0000000099000000, 0x0000000099000000|100%| E|CS|TAMS 0x0000000098f00000, 0x0000000098f00000| Complete 
| 400|0x0000000099000000, 0x0000000099100000, 0x0000000099100000|100%| E|CS|TAMS 0x0000000099000000, 0x0000000099000000| Complete 
| 401|0x0000000099100000, 0x0000000099200000, 0x0000000099200000|100%| E|CS|TAMS 0x0000000099100000, 0x0000000099100000| Complete 
| 402|0x0000000099200000, 0x0000000099300000, 0x0000000099300000|100%| E|CS|TAMS 0x0000000099200000, 0x0000000099200000| Complete 
| 403|0x0000000099300000, 0x0000000099400000, 0x0000000099400000|100%| E|CS|TAMS 0x0000000099300000, 0x0000000099300000| Complete 
| 404|0x0000000099400000, 0x0000000099500000, 0x0000000099500000|100%| E|CS|TAMS 0x0000000099400000, 0x0000000099400000| Complete 
| 405|0x0000000099500000, 0x0000000099600000, 0x0000000099600000|100%| E|CS|TAMS 0x0000000099500000, 0x0000000099500000| Complete 
| 406|0x0000000099600000, 0x0000000099700000, 0x0000000099700000|100%| E|CS|TAMS 0x0000000099600000, 0x0000000099600000| Complete 
| 407|0x0000000099700000, 0x0000000099800000, 0x0000000099800000|100%| E|CS|TAMS 0x0000000099700000, 0x0000000099700000| Complete 
| 408|0x0000000099800000, 0x0000000099900000, 0x0000000099900000|100%| E|CS|TAMS 0x0000000099800000, 0x0000000099800000| Complete 
| 409|0x0000000099900000, 0x0000000099a00000, 0x0000000099a00000|100%| E|CS|TAMS 0x0000000099900000, 0x0000000099900000| Complete 
| 410|0x0000000099a00000, 0x0000000099b00000, 0x0000000099b00000|100%| E|CS|TAMS 0x0000000099a00000, 0x0000000099a00000| Complete 
| 411|0x0000000099b00000, 0x0000000099c00000, 0x0000000099c00000|100%| E|CS|TAMS 0x0000000099b00000, 0x0000000099b00000| Complete 
| 412|0x0000000099c00000, 0x0000000099d00000, 0x0000000099d00000|100%| E|CS|TAMS 0x0000000099c00000, 0x0000000099c00000| Complete 
| 413|0x0000000099d00000, 0x0000000099e00000, 0x0000000099e00000|100%| E|CS|TAMS 0x0000000099d00000, 0x0000000099d00000| Complete 
| 414|0x0000000099e00000, 0x0000000099f00000, 0x0000000099f00000|100%| E|CS|TAMS 0x0000000099e00000, 0x0000000099e00000| Complete 
| 415|0x0000000099f00000, 0x000000009a000000, 0x000000009a000000|100%| E|CS|TAMS 0x0000000099f00000, 0x0000000099f00000| Complete 
| 416|0x000000009a000000, 0x000000009a100000, 0x000000009a100000|100%| E|CS|TAMS 0x000000009a000000, 0x000000009a000000| Complete 
| 417|0x000000009a100000, 0x000000009a200000, 0x000000009a200000|100%| E|CS|TAMS 0x000000009a100000, 0x000000009a100000| Complete 
| 418|0x000000009a200000, 0x000000009a300000, 0x000000009a300000|100%| E|CS|TAMS 0x000000009a200000, 0x000000009a200000| Complete 
| 419|0x000000009a300000, 0x000000009a400000, 0x000000009a400000|100%| E|CS|TAMS 0x000000009a300000, 0x000000009a300000| Complete 
| 420|0x000000009a400000, 0x000000009a500000, 0x000000009a500000|100%| E|CS|TAMS 0x000000009a400000, 0x000000009a400000| Complete 
| 421|0x000000009a500000, 0x000000009a600000, 0x000000009a600000|100%| E|CS|TAMS 0x000000009a500000, 0x000000009a500000| Complete 
| 422|0x000000009a600000, 0x000000009a700000, 0x000000009a700000|100%| E|CS|TAMS 0x000000009a600000, 0x000000009a600000| Complete 
| 423|0x000000009a700000, 0x000000009a800000, 0x000000009a800000|100%| E|CS|TAMS 0x000000009a700000, 0x000000009a700000| Complete 
| 424|0x000000009a800000, 0x000000009a900000, 0x000000009a900000|100%| E|CS|TAMS 0x000000009a800000, 0x000000009a800000| Complete 
| 425|0x000000009a900000, 0x000000009aa00000, 0x000000009aa00000|100%| E|CS|TAMS 0x000000009a900000, 0x000000009a900000| Complete 
| 426|0x000000009aa00000, 0x000000009ab00000, 0x000000009ab00000|100%| E|CS|TAMS 0x000000009aa00000, 0x000000009aa00000| Complete 
| 427|0x000000009ab00000, 0x000000009ac00000, 0x000000009ac00000|100%| E|CS|TAMS 0x000000009ab00000, 0x000000009ab00000| Complete 
| 428|0x000000009ac00000, 0x000000009ad00000, 0x000000009ad00000|100%| E|CS|TAMS 0x000000009ac00000, 0x000000009ac00000| Complete 
| 429|0x000000009ad00000, 0x000000009ae00000, 0x000000009ae00000|100%| E|CS|TAMS 0x000000009ad00000, 0x000000009ad00000| Complete 
| 430|0x000000009ae00000, 0x000000009af00000, 0x000000009af00000|100%| E|CS|TAMS 0x000000009ae00000, 0x000000009ae00000| Complete 
| 431|0x000000009af00000, 0x000000009b000000, 0x000000009b000000|100%| E|CS|TAMS 0x000000009af00000, 0x000000009af00000| Complete 
| 432|0x000000009b000000, 0x000000009b100000, 0x000000009b100000|100%| E|CS|TAMS 0x000000009b000000, 0x000000009b000000| Complete 
| 433|0x000000009b100000, 0x000000009b200000, 0x000000009b200000|100%| E|CS|TAMS 0x000000009b100000, 0x000000009b100000| Complete 
| 434|0x000000009b200000, 0x000000009b300000, 0x000000009b300000|100%| E|CS|TAMS 0x000000009b200000, 0x000000009b200000| Complete 
| 435|0x000000009b300000, 0x000000009b400000, 0x000000009b400000|100%| E|CS|TAMS 0x000000009b300000, 0x000000009b300000| Complete 
| 436|0x000000009b400000, 0x000000009b500000, 0x000000009b500000|100%| E|CS|TAMS 0x000000009b400000, 0x000000009b400000| Complete 
| 437|0x000000009b500000, 0x000000009b600000, 0x000000009b600000|100%| E|CS|TAMS 0x000000009b500000, 0x000000009b500000| Complete 
| 438|0x000000009b600000, 0x000000009b700000, 0x000000009b700000|100%| E|CS|TAMS 0x000000009b600000, 0x000000009b600000| Complete 
| 439|0x000000009b700000, 0x000000009b800000, 0x000000009b800000|100%| E|CS|TAMS 0x000000009b700000, 0x000000009b700000| Complete 
| 440|0x000000009b800000, 0x000000009b900000, 0x000000009b900000|100%| E|CS|TAMS 0x000000009b800000, 0x000000009b800000| Complete 
| 441|0x000000009b900000, 0x000000009ba00000, 0x000000009ba00000|100%| E|CS|TAMS 0x000000009b900000, 0x000000009b900000| Complete 
| 442|0x000000009ba00000, 0x000000009bb00000, 0x000000009bb00000|100%| E|CS|TAMS 0x000000009ba00000, 0x000000009ba00000| Complete 
| 443|0x000000009bb00000, 0x000000009bc00000, 0x000000009bc00000|100%| E|CS|TAMS 0x000000009bb00000, 0x000000009bb00000| Complete 
| 444|0x000000009bc00000, 0x000000009bd00000, 0x000000009bd00000|100%| E|CS|TAMS 0x000000009bc00000, 0x000000009bc00000| Complete 
| 445|0x000000009bd00000, 0x000000009be00000, 0x000000009be00000|100%| E|CS|TAMS 0x000000009bd00000, 0x000000009bd00000| Complete 
| 446|0x000000009be00000, 0x000000009bf00000, 0x000000009bf00000|100%| E|CS|TAMS 0x000000009be00000, 0x000000009be00000| Complete 
| 447|0x000000009bf00000, 0x000000009c000000, 0x000000009c000000|100%| E|CS|TAMS 0x000000009bf00000, 0x000000009bf00000| Complete 
| 448|0x000000009c000000, 0x000000009c100000, 0x000000009c100000|100%| E|CS|TAMS 0x000000009c000000, 0x000000009c000000| Complete 
| 449|0x000000009c100000, 0x000000009c200000, 0x000000009c200000|100%| E|CS|TAMS 0x000000009c100000, 0x000000009c100000| Complete 
| 450|0x000000009c200000, 0x000000009c300000, 0x000000009c300000|100%| E|CS|TAMS 0x000000009c200000, 0x000000009c200000| Complete 
| 451|0x000000009c300000, 0x000000009c400000, 0x000000009c400000|100%| E|CS|TAMS 0x000000009c300000, 0x000000009c300000| Complete 
| 452|0x000000009c400000, 0x000000009c500000, 0x000000009c500000|100%| E|CS|TAMS 0x000000009c400000, 0x000000009c400000| Complete 
| 453|0x000000009c500000, 0x000000009c600000, 0x000000009c600000|100%| E|CS|TAMS 0x000000009c500000, 0x000000009c500000| Complete 
| 454|0x000000009c600000, 0x000000009c700000, 0x000000009c700000|100%| E|CS|TAMS 0x000000009c600000, 0x000000009c600000| Complete 
| 455|0x000000009c700000, 0x000000009c800000, 0x000000009c800000|100%| E|CS|TAMS 0x000000009c700000, 0x000000009c700000| Complete 
| 456|0x000000009c800000, 0x000000009c900000, 0x000000009c900000|100%| E|CS|TAMS 0x000000009c800000, 0x000000009c800000| Complete 
| 457|0x000000009c900000, 0x000000009ca00000, 0x000000009ca00000|100%| E|CS|TAMS 0x000000009c900000, 0x000000009c900000| Complete 
| 458|0x000000009ca00000, 0x000000009cb00000, 0x000000009cb00000|100%| E|CS|TAMS 0x000000009ca00000, 0x000000009ca00000| Complete 
| 459|0x000000009cb00000, 0x000000009cc00000, 0x000000009cc00000|100%| E|CS|TAMS 0x000000009cb00000, 0x000000009cb00000| Complete 
| 460|0x000000009cc00000, 0x000000009cd00000, 0x000000009cd00000|100%| E|CS|TAMS 0x000000009cc00000, 0x000000009cc00000| Complete 
| 461|0x000000009cd00000, 0x000000009ce00000, 0x000000009ce00000|100%| E|CS|TAMS 0x000000009cd00000, 0x000000009cd00000| Complete 
| 462|0x000000009ce00000, 0x000000009cf00000, 0x000000009cf00000|100%| E|CS|TAMS 0x000000009ce00000, 0x000000009ce00000| Complete 
| 463|0x000000009cf00000, 0x000000009d000000, 0x000000009d000000|100%| E|CS|TAMS 0x000000009cf00000, 0x000000009cf00000| Complete 
| 464|0x000000009d000000, 0x000000009d100000, 0x000000009d100000|100%| E|CS|TAMS 0x000000009d000000, 0x000000009d000000| Complete 
| 465|0x000000009d100000, 0x000000009d200000, 0x000000009d200000|100%| E|CS|TAMS 0x000000009d100000, 0x000000009d100000| Complete 
| 466|0x000000009d200000, 0x000000009d300000, 0x000000009d300000|100%| E|CS|TAMS 0x000000009d200000, 0x000000009d200000| Complete 
| 467|0x000000009d300000, 0x000000009d400000, 0x000000009d400000|100%| E|CS|TAMS 0x000000009d300000, 0x000000009d300000| Complete 
| 468|0x000000009d400000, 0x000000009d500000, 0x000000009d500000|100%| E|CS|TAMS 0x000000009d400000, 0x000000009d400000| Complete 
| 469|0x000000009d500000, 0x000000009d600000, 0x000000009d600000|100%| E|CS|TAMS 0x000000009d500000, 0x000000009d500000| Complete 
| 470|0x000000009d600000, 0x000000009d700000, 0x000000009d700000|100%| E|CS|TAMS 0x000000009d600000, 0x000000009d600000| Complete 
| 471|0x000000009d700000, 0x000000009d800000, 0x000000009d800000|100%| E|CS|TAMS 0x000000009d700000, 0x000000009d700000| Complete 
| 472|0x000000009d800000, 0x000000009d900000, 0x000000009d900000|100%| E|CS|TAMS 0x000000009d800000, 0x000000009d800000| Complete 
| 473|0x000000009d900000, 0x000000009da00000, 0x000000009da00000|100%| E|CS|TAMS 0x000000009d900000, 0x000000009d900000| Complete 
| 474|0x000000009da00000, 0x000000009db00000, 0x000000009db00000|100%| E|CS|TAMS 0x000000009da00000, 0x000000009da00000| Complete 
| 475|0x000000009db00000, 0x000000009dc00000, 0x000000009dc00000|100%| E|CS|TAMS 0x000000009db00000, 0x000000009db00000| Complete 
| 476|0x000000009dc00000, 0x000000009dd00000, 0x000000009dd00000|100%| E|CS|TAMS 0x000000009dc00000, 0x000000009dc00000| Complete 
| 477|0x000000009dd00000, 0x000000009de00000, 0x000000009de00000|100%| E|CS|TAMS 0x000000009dd00000, 0x000000009dd00000| Complete 
| 478|0x000000009de00000, 0x000000009df00000, 0x000000009df00000|100%| E|CS|TAMS 0x000000009de00000, 0x000000009de00000| Complete 
| 479|0x000000009df00000, 0x000000009e000000, 0x000000009e000000|100%| E|CS|TAMS 0x000000009df00000, 0x000000009df00000| Complete 
| 480|0x000000009e000000, 0x000000009e100000, 0x000000009e100000|100%| E|CS|TAMS 0x000000009e000000, 0x000000009e000000| Complete 
| 481|0x000000009e100000, 0x000000009e200000, 0x000000009e200000|100%| E|CS|TAMS 0x000000009e100000, 0x000000009e100000| Complete 
| 482|0x000000009e200000, 0x000000009e300000, 0x000000009e300000|100%| E|CS|TAMS 0x000000009e200000, 0x000000009e200000| Complete 
| 483|0x000000009e300000, 0x000000009e400000, 0x000000009e400000|100%| E|CS|TAMS 0x000000009e300000, 0x000000009e300000| Complete 
| 484|0x000000009e400000, 0x000000009e500000, 0x000000009e500000|100%| E|CS|TAMS 0x000000009e400000, 0x000000009e400000| Complete 
| 485|0x000000009e500000, 0x000000009e600000, 0x000000009e600000|100%| E|CS|TAMS 0x000000009e500000, 0x000000009e500000| Complete 
| 486|0x000000009e600000, 0x000000009e700000, 0x000000009e700000|100%| E|CS|TAMS 0x000000009e600000, 0x000000009e600000| Complete 
| 487|0x000000009e700000, 0x000000009e800000, 0x000000009e800000|100%| E|CS|TAMS 0x000000009e700000, 0x000000009e700000| Complete 
| 488|0x000000009e800000, 0x000000009e900000, 0x000000009e900000|100%| E|CS|TAMS 0x000000009e800000, 0x000000009e800000| Complete 
| 489|0x000000009e900000, 0x000000009ea00000, 0x000000009ea00000|100%| E|CS|TAMS 0x000000009e900000, 0x000000009e900000| Complete 
| 490|0x000000009ea00000, 0x000000009eb00000, 0x000000009eb00000|100%| E|CS|TAMS 0x000000009ea00000, 0x000000009ea00000| Complete 
| 491|0x000000009eb00000, 0x000000009ec00000, 0x000000009ec00000|100%| E|CS|TAMS 0x000000009eb00000, 0x000000009eb00000| Complete 
| 492|0x000000009ec00000, 0x000000009ed00000, 0x000000009ed00000|100%| E|CS|TAMS 0x000000009ec00000, 0x000000009ec00000| Complete 
| 493|0x000000009ed00000, 0x000000009ee00000, 0x000000009ee00000|100%| E|CS|TAMS 0x000000009ed00000, 0x000000009ed00000| Complete 
| 494|0x000000009ee00000, 0x000000009ef00000, 0x000000009ef00000|100%| E|CS|TAMS 0x000000009ee00000, 0x000000009ee00000| Complete 
| 495|0x000000009ef00000, 0x000000009f000000, 0x000000009f000000|100%| E|CS|TAMS 0x000000009ef00000, 0x000000009ef00000| Complete 
| 496|0x000000009f000000, 0x000000009f100000, 0x000000009f100000|100%| E|CS|TAMS 0x000000009f000000, 0x000000009f000000| Complete 
| 497|0x000000009f100000, 0x000000009f200000, 0x000000009f200000|100%| E|CS|TAMS 0x000000009f100000, 0x000000009f100000| Complete 
| 498|0x000000009f200000, 0x000000009f300000, 0x000000009f300000|100%| E|CS|TAMS 0x000000009f200000, 0x000000009f200000| Complete 
| 499|0x000000009f300000, 0x000000009f400000, 0x000000009f400000|100%| E|CS|TAMS 0x000000009f300000, 0x000000009f300000| Complete 
| 500|0x000000009f400000, 0x000000009f500000, 0x000000009f500000|100%| E|CS|TAMS 0x000000009f400000, 0x000000009f400000| Complete 
| 501|0x000000009f500000, 0x000000009f600000, 0x000000009f600000|100%| E|CS|TAMS 0x000000009f500000, 0x000000009f500000| Complete 
| 502|0x000000009f600000, 0x000000009f700000, 0x000000009f700000|100%| E|CS|TAMS 0x000000009f600000, 0x000000009f600000| Complete 
| 503|0x000000009f700000, 0x000000009f800000, 0x000000009f800000|100%| E|CS|TAMS 0x000000009f700000, 0x000000009f700000| Complete 
| 504|0x000000009f800000, 0x000000009f900000, 0x000000009f900000|100%| E|CS|TAMS 0x000000009f800000, 0x000000009f800000| Complete 
| 505|0x000000009f900000, 0x000000009fa00000, 0x000000009fa00000|100%| E|CS|TAMS 0x000000009f900000, 0x000000009f900000| Complete 
| 506|0x000000009fa00000, 0x000000009fb00000, 0x000000009fb00000|100%| E|CS|TAMS 0x000000009fa00000, 0x000000009fa00000| Complete 
| 507|0x000000009fb00000, 0x000000009fc00000, 0x000000009fc00000|100%| E|CS|TAMS 0x000000009fb00000, 0x000000009fb00000| Complete 
| 508|0x000000009fc00000, 0x000000009fd00000, 0x000000009fd00000|100%| E|CS|TAMS 0x000000009fc00000, 0x000000009fc00000| Complete 
| 509|0x000000009fd00000, 0x000000009fe00000, 0x000000009fe00000|100%| E|CS|TAMS 0x000000009fd00000, 0x000000009fd00000| Complete 
| 510|0x000000009fe00000, 0x000000009ff00000, 0x000000009ff00000|100%| E|CS|TAMS 0x000000009fe00000, 0x000000009fe00000| Complete 
| 511|0x000000009ff00000, 0x00000000a0000000, 0x00000000a0000000|100%| E|CS|TAMS 0x000000009ff00000, 0x000000009ff00000| Complete 
| 512|0x00000000a0000000, 0x00000000a0100000, 0x00000000a0100000|100%| E|CS|TAMS 0x00000000a0000000, 0x00000000a0000000| Complete 
| 513|0x00000000a0100000, 0x00000000a0200000, 0x00000000a0200000|100%| E|CS|TAMS 0x00000000a0100000, 0x00000000a0100000| Complete 
| 514|0x00000000a0200000, 0x00000000a0300000, 0x00000000a0300000|100%| E|CS|TAMS 0x00000000a0200000, 0x00000000a0200000| Complete 
| 515|0x00000000a0300000, 0x00000000a0400000, 0x00000000a0400000|100%| E|CS|TAMS 0x00000000a0300000, 0x00000000a0300000| Complete 
| 516|0x00000000a0400000, 0x00000000a0500000, 0x00000000a0500000|100%| E|CS|TAMS 0x00000000a0400000, 0x00000000a0400000| Complete 
| 517|0x00000000a0500000, 0x00000000a0600000, 0x00000000a0600000|100%| E|CS|TAMS 0x00000000a0500000, 0x00000000a0500000| Complete 
| 518|0x00000000a0600000, 0x00000000a0700000, 0x00000000a0700000|100%| E|CS|TAMS 0x00000000a0600000, 0x00000000a0600000| Complete 
| 519|0x00000000a0700000, 0x00000000a0800000, 0x00000000a0800000|100%| E|CS|TAMS 0x00000000a0700000, 0x00000000a0700000| Complete 
| 520|0x00000000a0800000, 0x00000000a0900000, 0x00000000a0900000|100%| E|CS|TAMS 0x00000000a0800000, 0x00000000a0800000| Complete 
| 521|0x00000000a0900000, 0x00000000a0a00000, 0x00000000a0a00000|100%| E|CS|TAMS 0x00000000a0900000, 0x00000000a0900000| Complete 
| 522|0x00000000a0a00000, 0x00000000a0b00000, 0x00000000a0b00000|100%| E|CS|TAMS 0x00000000a0a00000, 0x00000000a0a00000| Complete 
| 523|0x00000000a0b00000, 0x00000000a0c00000, 0x00000000a0c00000|100%| E|CS|TAMS 0x00000000a0b00000, 0x00000000a0b00000| Complete 
| 524|0x00000000a0c00000, 0x00000000a0d00000, 0x00000000a0d00000|100%| E|CS|TAMS 0x00000000a0c00000, 0x00000000a0c00000| Complete 
| 525|0x00000000a0d00000, 0x00000000a0e00000, 0x00000000a0e00000|100%| E|CS|TAMS 0x00000000a0d00000, 0x00000000a0d00000| Complete 
| 526|0x00000000a0e00000, 0x00000000a0f00000, 0x00000000a0f00000|100%| E|CS|TAMS 0x00000000a0e00000, 0x00000000a0e00000| Complete 
| 527|0x00000000a0f00000, 0x00000000a1000000, 0x00000000a1000000|100%| E|CS|TAMS 0x00000000a0f00000, 0x00000000a0f00000| Complete 
| 528|0x00000000a1000000, 0x00000000a1100000, 0x00000000a1100000|100%| E|CS|TAMS 0x00000000a1000000, 0x00000000a1000000| Complete 
| 529|0x00000000a1100000, 0x00000000a1200000, 0x00000000a1200000|100%| E|CS|TAMS 0x00000000a1100000, 0x00000000a1100000| Complete 
| 530|0x00000000a1200000, 0x00000000a1300000, 0x00000000a1300000|100%| E|CS|TAMS 0x00000000a1200000, 0x00000000a1200000| Complete 
| 531|0x00000000a1300000, 0x00000000a1400000, 0x00000000a1400000|100%| E|CS|TAMS 0x00000000a1300000, 0x00000000a1300000| Complete 
| 532|0x00000000a1400000, 0x00000000a1500000, 0x00000000a1500000|100%| E|CS|TAMS 0x00000000a1400000, 0x00000000a1400000| Complete 
| 533|0x00000000a1500000, 0x00000000a1600000, 0x00000000a1600000|100%| E|CS|TAMS 0x00000000a1500000, 0x00000000a1500000| Complete 
| 534|0x00000000a1600000, 0x00000000a1700000, 0x00000000a1700000|100%| E|CS|TAMS 0x00000000a1600000, 0x00000000a1600000| Complete 
| 535|0x00000000a1700000, 0x00000000a1800000, 0x00000000a1800000|100%| E|CS|TAMS 0x00000000a1700000, 0x00000000a1700000| Complete 
| 536|0x00000000a1800000, 0x00000000a1900000, 0x00000000a1900000|100%| E|CS|TAMS 0x00000000a1800000, 0x00000000a1800000| Complete 
| 537|0x00000000a1900000, 0x00000000a1a00000, 0x00000000a1a00000|100%| E|CS|TAMS 0x00000000a1900000, 0x00000000a1900000| Complete 

Card table byte_map: [0x0000028ab62a0000,0x0000028ab66a0000] _byte_map_base: 0x0000028ab5ea0000

Marking Bits (Prev, Next): (CMBitMap*) 0x0000028aa36fac20, (CMBitMap*) 0x0000028aa36fac60
 Prev Bits: [0x0000028ab6aa0000, 0x0000028ab8aa0000)
 Next Bits: [0x0000028ab8aa0000, 0x0000028abaaa0000)

Polling page: 0x0000028aa15b0000

Metaspace:

Usage:
  Non-class:    150.62 MB used.
      Class:     22.47 MB used.
       Both:    173.09 MB used.

Virtual space:
  Non-class space:      192.00 MB reserved,     151.19 MB ( 79%) committed,  3 nodes.
      Class space:        1.00 GB reserved,      23.00 MB (  2%) committed,  1 nodes.
             Both:        1.19 GB reserved,     174.19 MB ( 14%) committed. 

Chunk freelists:
   Non-Class:  8.52 MB
       Class:  9.03 MB
        Both:  17.55 MB

MaxMetaspaceSize: unlimited
CompressedClassSpaceSize: 1.00 GB
Initial GC threshold: 21.00 MB
Current GC threshold: 219.50 MB
CDS: off
MetaspaceReclaimPolicy: balanced
 - commit_granule_bytes: 65536.
 - commit_granule_words: 8192.
 - virtual_space_node_default_size: 8388608.
 - enlarge_chunks_in_place: 1.
 - new_chunks_are_fully_committed: 0.
 - uncommit_free_chunks: 1.
 - use_allocation_guard: 0.
 - handle_deallocations: 1.


Internal statistics:

num_allocs_failed_limit: 3.
num_arena_births: 1708.
num_arena_deaths: 0.
num_vsnodes_births: 4.
num_vsnodes_deaths: 0.
num_space_committed: 2784.
num_space_uncommitted: 0.
num_chunks_returned_to_freelist: 3.
num_chunks_taken_from_freelist: 8505.
num_chunk_merges: 3.
num_chunk_splits: 6028.
num_chunks_enlarged: 4427.
num_inconsistent_stats: 0.

CodeHeap 'non-profiled nmethods': size=120000Kb used=8808Kb max_used=9514Kb free=111191Kb
 bounds [0x0000028aae640000, 0x0000028aaef90000, 0x0000028ab5b70000]
CodeHeap 'profiled nmethods': size=120000Kb used=30296Kb max_used=30360Kb free=89703Kb
 bounds [0x0000028aa6b70000, 0x0000028aa8950000, 0x0000028aae0a0000]
CodeHeap 'non-nmethods': size=5760Kb used=2610Kb max_used=2638Kb free=3149Kb
 bounds [0x0000028aae0a0000, 0x0000028aae340000, 0x0000028aae640000]
 total_blobs=15822 nmethods=14658 adapters=1074
 compilation: enabled
              stopped_count=0, restarted_count=0
 full_count=0

Compilation events (20 events):
Event: 794.965 Thread 0x0000028abd683e30 nmethod 17466 0x0000028aa74ff610 code [0x0000028aa74ff7c0, 0x0000028aa74ffa68]
Event: 794.965 Thread 0x0000028abd683e30 17467       3       org.jetbrains.kotlin.builtins.jvm.JavaToKotlinClassMap::mapKotlinToJava (86 bytes)
Event: 794.966 Thread 0x0000028abd683e30 nmethod 17467 0x0000028aa8428f10 code [0x0000028aa84291c0, 0x0000028aa8429ce8]
Event: 794.966 Thread 0x0000028abd683e30 17468       3       org.jetbrains.kotlin.ir.types.IrTypePredicatesKt::isNullableClassType (10 bytes)
Event: 794.966 Thread 0x0000028abd683e30 nmethod 17468 0x0000028aa6ec2b90 code [0x0000028aa6ec2d40, 0x0000028aa6ec2ee8]
Event: 794.966 Thread 0x0000028abd683e30 17469       3       org.jetbrains.kotlin.ir.util.IrUtilsKt::isAnnotationClass (23 bytes)
Event: 794.966 Thread 0x0000028abd683e30 nmethod 17469 0x0000028aa8428410 code [0x0000028aa8428640, 0x0000028aa8428cc8]
Event: 794.966 Thread 0x0000028abd683e30 17470       3       org.jetbrains.kotlin.backend.jvm.JvmIrTypeSystemContext::isArrayOrNullableArray (6 bytes)
Event: 794.967 Thread 0x0000028abd683e30 nmethod 17470 0x0000028aa8426590 code [0x0000028aa8426900, 0x0000028aa8427d78]
Event: 794.974 Thread 0x0000028abd683e30 17471       3       org.jetbrains.kotlin.com.intellij.openapi.extensions.BaseExtensionPointName::getName (13 bytes)
Event: 794.974 Thread 0x0000028abd683e30 nmethod 17471 0x0000028aa79b2b90 code [0x0000028aa79b2d40, 0x0000028aa79b2ec8]
Event: 794.990 Thread 0x0000028abd683e30 17472       1       org.jetbrains.kotlin.backend.jvm.codegen.ExpressionCodegen::getFrameMap (5 bytes)
Event: 794.991 Thread 0x0000028abd683e30 nmethod 17472 0x0000028aaee6df90 code [0x0000028aaee6e120, 0x0000028aaee6e1f8]
Event: 794.991 Thread 0x0000028abd683e30 17473       3       org.jetbrains.kotlin.backend.jvm.mapping.IrTypeMapper::classInternalName (101 bytes)
Event: 794.992 Thread 0x0000028abd683e30 nmethod 17473 0x0000028aa884e910 code [0x0000028aa884ecc0, 0x0000028aa8850248]
Event: 794.992 Thread 0x0000028abd683e30 17474       3       org.jetbrains.kotlin.backend.jvm.InlineClassAbi::unboxType (120 bytes)
Event: 794.995 Thread 0x0000028abd683e30 nmethod 17474 0x0000028aa8848190 code [0x0000028aa8848a20, 0x0000028aa884d308]
Event: 795.007 Thread 0x0000028abd683470 17475       4       kotlin.sequences.FilteringSequence$iterator$1::calcNext (68 bytes)
Event: 795.010 Thread 0x0000028abd683470 nmethod 17475 0x0000028aaee6d990 code [0x0000028aaee6db20, 0x0000028aaee6dd58]
Event: 795.033 Thread 0x0000028abd683470 17476       4       org.jetbrains.org.objectweb.asm.ClassReader::accept (1380 bytes)

GC Heap History (20 events):
Event: 770.124 GC heap before
{Heap before GC invocations=55 (full 0):
 garbage-first heap   total 209920K, used 179739K [0x0000000080000000, 0x0000000100000000)
  region size 1024K, 29 young (29696K), 3 survivors (3072K)
 Metaspace       used 119422K, committed 120512K, reserved 1179648K
  class space    used 16061K, committed 16576K, reserved 1048576K
}
Event: 770.130 GC heap after
{Heap after GC invocations=56 (full 0):
 garbage-first heap   total 209920K, used 155086K [0x0000000080000000, 0x0000000100000000)
  region size 1024K, 3 young (3072K), 3 survivors (3072K)
 Metaspace       used 119422K, committed 120512K, reserved 1179648K
  class space    used 16061K, committed 16576K, reserved 1048576K
}
Event: 770.853 GC heap before
{Heap before GC invocations=56 (full 0):
 garbage-first heap   total 209920K, used 179662K [0x0000000080000000, 0x0000000100000000)
  region size 1024K, 28 young (28672K), 3 survivors (3072K)
 Metaspace       used 120334K, committed 121408K, reserved 1179648K
  class space    used 16190K, committed 16704K, reserved 1048576K
}
Event: 770.858 GC heap after
{Heap after GC invocations=57 (full 0):
 garbage-first heap   total 209920K, used 158216K [0x0000000080000000, 0x0000000100000000)
  region size 1024K, 4 young (4096K), 4 survivors (4096K)
 Metaspace       used 120334K, committed 121408K, reserved 1179648K
  class space    used 16190K, committed 16704K, reserved 1048576K
}
Event: 771.467 GC heap before
{Heap before GC invocations=57 (full 0):
 garbage-first heap   total 209920K, used 179720K [0x0000000080000000, 0x0000000100000000)
  region size 1024K, 26 young (26624K), 4 survivors (4096K)
 Metaspace       used 123505K, committed 124608K, reserved 1179648K
  class space    used 16593K, committed 17152K, reserved 1048576K
}
Event: 771.479 GC heap after
{Heap after GC invocations=58 (full 0):
 garbage-first heap   total 209920K, used 159500K [0x0000000080000000, 0x0000000100000000)
  region size 1024K, 2 young (2048K), 2 survivors (2048K)
 Metaspace       used 123505K, committed 124608K, reserved 1179648K
  class space    used 16593K, committed 17152K, reserved 1048576K
}
Event: 771.959 GC heap before
{Heap before GC invocations=58 (full 0):
 garbage-first heap   total 209920K, used 181004K [0x0000000080000000, 0x0000000100000000)
  region size 1024K, 23 young (23552K), 2 survivors (2048K)
 Metaspace       used 126618K, committed 127808K, reserved 1179648K
  class space    used 16965K, committed 17536K, reserved 1048576K
}
Event: 771.962 GC heap after
{Heap after GC invocations=59 (full 0):
 garbage-first heap   total 209920K, used 159535K [0x0000000080000000, 0x0000000100000000)
  region size 1024K, 2 young (2048K), 2 survivors (2048K)
 Metaspace       used 126618K, committed 127808K, reserved 1179648K
  class space    used 16965K, committed 17536K, reserved 1048576K
}
Event: 773.116 GC heap before
{Heap before GC invocations=59 (full 0):
 garbage-first heap   total 209920K, used 182063K [0x0000000080000000, 0x0000000100000000)
  region size 1024K, 24 young (24576K), 2 survivors (2048K)
 Metaspace       used 130432K, committed 131584K, reserved 1179648K
  class space    used 17754K, committed 18304K, reserved 1048576K
}
Event: 773.121 GC heap after
{Heap after GC invocations=60 (full 0):
 garbage-first heap   total 209920K, used 160007K [0x0000000080000000, 0x0000000100000000)
  region size 1024K, 2 young (2048K), 2 survivors (2048K)
 Metaspace       used 130432K, committed 131584K, reserved 1179648K
  class space    used 17754K, committed 18304K, reserved 1048576K
}
Event: 773.562 GC heap before
{Heap before GC invocations=60 (full 0):
 garbage-first heap   total 209920K, used 183559K [0x0000000080000000, 0x0000000100000000)
  region size 1024K, 20 young (20480K), 2 survivors (2048K)
 Metaspace       used 133451K, committed 134592K, reserved 1179648K
  class space    used 18336K, committed 18880K, reserved 1048576K
}
Event: 773.570 GC heap after
{Heap after GC invocations=61 (full 0):
 garbage-first heap   total 209920K, used 166989K [0x0000000080000000, 0x0000000100000000)
  region size 1024K, 3 young (3072K), 3 survivors (3072K)
 Metaspace       used 133451K, committed 134592K, reserved 1179648K
  class space    used 18336K, committed 18880K, reserved 1048576K
}
Event: 773.707 GC heap before
{Heap before GC invocations=61 (full 0):
 garbage-first heap   total 209920K, used 184397K [0x0000000080000000, 0x0000000100000000)
  region size 1024K, 19 young (19456K), 3 survivors (3072K)
 Metaspace       used 133646K, committed 134848K, reserved 1179648K
  class space    used 18339K, committed 18880K, reserved 1048576K
}
Event: 773.715 GC heap after
{Heap after GC invocations=62 (full 0):
 garbage-first heap   total 209920K, used 172312K [0x0000000080000000, 0x0000000100000000)
  region size 1024K, 3 young (3072K), 3 survivors (3072K)
 Metaspace       used 133646K, committed 134848K, reserved 1179648K
  class space    used 18339K, committed 18880K, reserved 1048576K
}
Event: 773.824 GC heap before
{Heap before GC invocations=63 (full 0):
 garbage-first heap   total 295936K, used 181528K [0x0000000080000000, 0x0000000100000000)
  region size 1024K, 13 young (13312K), 3 survivors (3072K)
 Metaspace       used 133778K, committed 134976K, reserved 1179648K
  class space    used 18344K, committed 18880K, reserved 1048576K
}
Event: 773.831 GC heap after
{Heap after GC invocations=64 (full 0):
 garbage-first heap   total 295936K, used 177487K [0x0000000080000000, 0x0000000100000000)
  region size 1024K, 2 young (2048K), 2 survivors (2048K)
 Metaspace       used 133778K, committed 134976K, reserved 1179648K
  class space    used 18344K, committed 18880K, reserved 1048576K
}
Event: 773.913 GC heap before
{Heap before GC invocations=64 (full 0):
 garbage-first heap   total 295936K, used 189775K [0x0000000080000000, 0x0000000100000000)
  region size 1024K, 14 young (14336K), 2 survivors (2048K)
 Metaspace       used 133780K, committed 134976K, reserved 1179648K
  class space    used 18345K, committed 18880K, reserved 1048576K
}
Event: 773.924 GC heap after
{Heap after GC invocations=65 (full 0):
 garbage-first heap   total 550912K, used 168850K [0x0000000080000000, 0x0000000100000000)
  region size 1024K, 2 young (2048K), 2 survivors (2048K)
 Metaspace       used 133780K, committed 134976K, reserved 1179648K
  class space    used 18345K, committed 18880K, reserved 1048576K
}
Event: 779.757 GC heap before
{Heap before GC invocations=65 (full 0):
 garbage-first heap   total 550912K, used 421778K [0x0000000080000000, 0x0000000100000000)
  region size 1024K, 241 young (246784K), 2 survivors (2048K)
 Metaspace       used 154708K, committed 155840K, reserved 1245184K
  class space    used 20719K, committed 21248K, reserved 1048576K
}
Event: 779.788 GC heap after
{Heap after GC invocations=66 (full 0):
 garbage-first heap   total 550912K, used 196821K [0x0000000080000000, 0x0000000100000000)
  region size 1024K, 23 young (23552K), 23 survivors (23552K)
 Metaspace       used 154708K, committed 155840K, reserved 1245184K
  class space    used 20719K, committed 21248K, reserved 1048576K
}

Dll operation events (3 events):
Event: 0.021 Loaded shared library C:\Program Files\Android\Android Studio\jbr\bin\java.dll
Event: 0.230 Loaded shared library C:\Program Files\Android\Android Studio\jbr\bin\zip.dll
Event: 0.513 Loaded shared library C:\Program Files\Android\Android Studio\jbr\bin\verify.dll

Deoptimization events (20 events):
Event: 794.906 Thread 0x0000028ac7586510 Uncommon trap: trap_request=0xffffffc6 fr.pc=0x0000028aaef2d308 relative=0x00000000000002c8
Event: 794.906 Thread 0x0000028ac7586510 Uncommon trap: reason=bimorphic_or_optimized_type_check action=maybe_recompile pc=0x0000028aaef2d308 method=org.jetbrains.kotlin.util.slicedMap.SlicedMapImpl.get(Lorg/jetbrains/kotlin/util/slicedMap/ReadOnlySlice;Ljava/lang/Object;)Ljava/lang/Object; @ 35
Event: 794.906 Thread 0x0000028ac7586510 DEOPT PACKING pc=0x0000028aaef2d308 sp=0x000000b55b4f2820
Event: 794.906 Thread 0x0000028ac7586510 DEOPT UNPACKING pc=0x0000028aae0fa1a3 sp=0x000000b55b4f27c8 mode 2
Event: 794.906 Thread 0x0000028ac7586510 Uncommon trap: trap_request=0xffffff45 fr.pc=0x0000028aaeeb2610 relative=0x0000000000000710
Event: 794.906 Thread 0x0000028ac7586510 Uncommon trap: reason=unstable_if action=reinterpret pc=0x0000028aaeeb2610 method=org.jetbrains.kotlin.protobuf.SmallSortedMap.entrySet()Ljava/util/Set; @ 4 c2
Event: 794.906 Thread 0x0000028ac7586510 DEOPT PACKING pc=0x0000028aaeeb2610 sp=0x000000b55b4f26c0
Event: 794.906 Thread 0x0000028ac7586510 DEOPT UNPACKING pc=0x0000028aae0fa1a3 sp=0x000000b55b4f25c0 mode 2
Event: 794.906 Thread 0x0000028ac7586510 Uncommon trap: trap_request=0xffffff45 fr.pc=0x0000028aaeebfdb8 relative=0x0000000000000218
Event: 794.906 Thread 0x0000028ac7586510 Uncommon trap: reason=unstable_if action=reinterpret pc=0x0000028aaeebfdb8 method=org.jetbrains.kotlin.protobuf.SmallSortedMap.entrySet()Ljava/util/Set; @ 4 c2
Event: 794.906 Thread 0x0000028ac7586510 DEOPT PACKING pc=0x0000028aaeebfdb8 sp=0x000000b55b4f25d0
Event: 794.906 Thread 0x0000028ac7586510 DEOPT UNPACKING pc=0x0000028aae0fa1a3 sp=0x000000b55b4f2530 mode 2
Event: 794.924 Thread 0x0000028ac7586510 Uncommon trap: trap_request=0xffffff45 fr.pc=0x0000028aaeec0300 relative=0x0000000000000160
Event: 794.924 Thread 0x0000028ac7586510 Uncommon trap: reason=unstable_if action=reinterpret pc=0x0000028aaeec0300 method=org.jetbrains.kotlin.protobuf.SmallSortedMap.entrySet()Ljava/util/Set; @ 4 c2
Event: 794.924 Thread 0x0000028ac7586510 DEOPT PACKING pc=0x0000028aaeec0300 sp=0x000000b55b4f36d0
Event: 794.924 Thread 0x0000028ac7586510 DEOPT UNPACKING pc=0x0000028aae0fa1a3 sp=0x000000b55b4f3690 mode 2
Event: 795.033 Thread 0x0000028ac7586510 Uncommon trap: trap_request=0xffffff45 fr.pc=0x0000028aaeefaa30 relative=0x0000000000002d90
Event: 795.033 Thread 0x0000028ac7586510 Uncommon trap: reason=unstable_if action=reinterpret pc=0x0000028aaeefaa30 method=org.jetbrains.org.objectweb.asm.ClassReader.readMethod(Lorg/jetbrains/org/objectweb/asm/ClassVisitor;Lorg/jetbrains/org/objectweb/asm/Context;I)I @ 151 c2
Event: 795.033 Thread 0x0000028ac7586510 DEOPT PACKING pc=0x0000028aaeefaa30 sp=0x000000b55b4f2dc0
Event: 795.033 Thread 0x0000028ac7586510 DEOPT UNPACKING pc=0x0000028aae0fa1a3 sp=0x000000b55b4f2da8 mode 2

Classes unloaded (0 events):
No events

Classes redefined (0 events):
No events

Internal exceptions (20 events):
Event: 771.079 Thread 0x0000028ac7586510 Exception <a 'sun/nio/fs/WindowsException'{0x000000008c4063b0}> (0x000000008c4063b0) 
thrown [s\src\hotspot\share\prims\jni.cpp, line 531]
Event: 771.355 Thread 0x0000028ac7586510 Exception <a 'java/lang/NoSuchMethodError'{0x000000008bce6728}: 'java.lang.Object java.lang.invoke.DirectMethodHandle$Holder.invokeStaticInit(java.lang.Object, int)'> (0x000000008bce6728) 
thrown [s\src\hotspot\share\interpreter\linkResolver.cpp, line 771]
Event: 771.411 Thread 0x0000028ac7586510 Exception <a 'java/lang/NoSuchMethodError'{0x000000008b946858}: 'long java.lang.invoke.DirectMethodHandle$Holder.invokeStatic(java.lang.Object)'> (0x000000008b946858) 
thrown [s\src\hotspot\share\interpreter\linkResolver.cpp, line 771]
Event: 771.412 Thread 0x0000028ac7586510 Exception <a 'java/lang/NoSuchMethodError'{0x000000008b94b3f8}: 'long java.lang.invoke.DirectMethodHandle$Holder.invokeStaticInit(java.lang.Object)'> (0x000000008b94b3f8) 
thrown [s\src\hotspot\share\interpreter\linkResolver.cpp, line 771]
Event: 771.539 Thread 0x0000028ac7586510 Exception <a 'java/lang/NoSuchMethodError'{0x000000008c948800}: 'long java.lang.invoke.Invokers$Holder.invoke_MT(java.lang.Object, java.lang.Object, java.lang.Object, java.lang.Object)'> (0x000000008c948800) 
thrown [s\src\hotspot\share\interpreter\linkResolver.cpp, line 771]
Event: 771.541 Thread 0x0000028ac7586510 Exception <a 'java/lang/NoSuchMethodError'{0x000000008c951b00}: 'int java.lang.invoke.Invokers$Holder.invoke_MT(java.lang.Object, java.lang.Object, java.lang.Object, java.lang.Object)'> (0x000000008c951b00) 
thrown [s\src\hotspot\share\interpreter\linkResolver.cpp, line 771]
Event: 771.543 Thread 0x0000028ac7586510 Exception <a 'java/lang/NoSuchMethodError'{0x000000008c962240}: 'void java.lang.invoke.DelegatingMethodHandle$Holder.reinvoke_L(java.lang.Object, java.lang.Object, java.lang.Object, long, java.lang.Object)'> (0x000000008c962240) 
thrown [s\src\hotspot\share\interpreter\linkResolver.cpp, line 771]
Event: 771.543 Thread 0x0000028ac7586510 Exception <a 'java/lang/NoSuchMethodError'{0x000000008c96acc0}: 'java.lang.Object java.lang.invoke.DirectMethodHandle$Holder.invokeSpecial(java.lang.Object, java.lang.Object, java.lang.Object, java.lang.Object, long)'> (0x000000008c96acc0) 
thrown [s\src\hotspot\share\interpreter\linkResolver.cpp, line 771]
Event: 771.544 Thread 0x0000028ac7586510 Exception <a 'java/lang/NoSuchMethodError'{0x000000008c97b5b0}: 'int java.lang.invoke.DelegatingMethodHandle$Holder.reinvoke_L(java.lang.Object, java.lang.Object, java.lang.Object, long, java.lang.Object, java.lang.Object)'> (0x000000008c97b5b0) 
thrown [s\src\hotspot\share\interpreter\linkResolver.cpp, line 771]
Event: 771.544 Thread 0x0000028ac7586510 Exception <a 'java/lang/NoSuchMethodError'{0x000000008c98b4d0}: 'int java.lang.invoke.DelegatingMethodHandle$Holder.reinvoke_L(java.lang.Object, java.lang.Object, java.lang.Object, long, int, int)'> (0x000000008c98b4d0) 
thrown [s\src\hotspot\share\interpreter\linkResolver.cpp, line 771]
Event: 771.545 Thread 0x0000028ac7586510 Exception <a 'java/lang/NoSuchMethodError'{0x000000008c99b198}: 'int java.lang.invoke.DelegatingMethodHandle$Holder.reinvoke_L(java.lang.Object, java.lang.Object, java.lang.Object, long, long, long)'> (0x000000008c99b198) 
thrown [s\src\hotspot\share\interpreter\linkResolver.cpp, line 771]
Event: 771.546 Thread 0x0000028ac7586510 Exception <a 'java/lang/NoSuchMethodError'{0x000000008c9aab48}: 'int java.lang.invoke.DelegatingMethodHandle$Holder.reinvoke_L(java.lang.Object, java.lang.Object, java.lang.Object, long, int)'> (0x000000008c9aab48) 
thrown [s\src\hotspot\share\interpreter\linkResolver.cpp, line 771]
Event: 772.549 Thread 0x0000028ac7586510 Implicit null exception at 0x0000028aaea21993 to 0x0000028aaea21ae8
Event: 773.443 Thread 0x0000028ac7586510 Exception <a 'java/lang/NoSuchMethodError'{0x000000008bfb1980}: 'java.lang.Object java.lang.invoke.Invokers$Holder.invokeExact_MT(java.lang.Object, java.lang.Object, long, java.lang.Object)'> (0x000000008bfb1980) 
thrown [s\src\hotspot\share\interpreter\linkResolver.cpp, line 771]
Event: 773.495 Thread 0x0000028ac7586510 Exception <a 'java/lang/NoSuchMethodError'{0x000000008bc2a7f8}: 'java.lang.Object java.lang.invoke.Invokers$Holder.invoke_MT(java.lang.Object, java.lang.Object, java.lang.Object)'> (0x000000008bc2a7f8) 
thrown [s\src\hotspot\share\interpreter\linkResolver.cpp, line 771]
Event: 773.864 Thread 0x0000028ac7586510 Implicit null exception at 0x0000028aaede0d5d to 0x0000028aaede2cf8
Event: 781.188 Thread 0x0000028ac7586510 Exception <a 'java/lang/IncompatibleClassChangeError'{0x000000009ede6158}: Found class java.lang.Object, but interface was expected> (0x000000009ede6158) 
thrown [s\src\hotspot\share\interpreter\linkResolver.cpp, line 838]
Event: 781.277 Thread 0x0000028ac7586510 Exception <a 'java/lang/NoSuchMethodError'{0x000000009ec75a90}: 'int java.lang.invoke.DirectMethodHandle$Holder.invokeStaticInit(java.lang.Object, int)'> (0x000000009ec75a90) 
thrown [s\src\hotspot\share\interpreter\linkResolver.cpp, line 771]
Event: 781.952 Thread 0x0000028ac7586510 Exception <a 'java/lang/NoSuchMethodError'{0x000000009e2e9a50}: 'int java.lang.invoke.DirectMethodHandle$Holder.invokeSpecial(java.lang.Object, java.lang.Object, int, int)'> (0x000000009e2e9a50) 
thrown [s\src\hotspot\share\interpreter\linkResolver.cpp, line 771]
Event: 786.041 Thread 0x0000028ac7586510 Exception <a 'java/lang/NoSuchMethodError'{0x000000009acc9050}: 'java.lang.Object java.lang.invoke.DirectMethodHandle$Holder.newInvokeSpecial(java.lang.Object, java.lang.Object, java.lang.Object, int, int, java.lang.Object, java.lang.Object)'> (0x000000009acc9050) 
thrown [s\src\hotspot\share\interpreter\linkResolver.cpp, line 771]

VM Operations (20 events):
Event: 789.571 Executing VM operation: HandshakeAllThreads
Event: 789.571 Executing VM operation: HandshakeAllThreads done
Event: 790.089 Executing VM operation: ICBufferFull
Event: 790.089 Executing VM operation: ICBufferFull done
Event: 790.745 Executing VM operation: HandshakeAllThreads
Event: 790.746 Executing VM operation: HandshakeAllThreads done
Event: 791.753 Executing VM operation: Cleanup
Event: 791.753 Executing VM operation: Cleanup done
Event: 791.861 Executing VM operation: HandshakeAllThreads
Event: 791.861 Executing VM operation: HandshakeAllThreads done
Event: 792.875 Executing VM operation: Cleanup
Event: 792.875 Executing VM operation: Cleanup done
Event: 792.959 Executing VM operation: HandshakeAllThreads
Event: 792.959 Executing VM operation: HandshakeAllThreads done
Event: 793.965 Executing VM operation: Cleanup
Event: 793.965 Executing VM operation: Cleanup done
Event: 794.369 Executing VM operation: HandshakeAllThreads
Event: 794.369 Executing VM operation: HandshakeAllThreads done
Event: 794.741 Executing VM operation: HandshakeAllThreads
Event: 794.741 Executing VM operation: HandshakeAllThreads done

Events (20 events):
Event: 788.050 Thread 0x0000028abd684740 flushing nmethod 0x0000028aa864be10
Event: 788.050 Thread 0x0000028abd684740 flushing nmethod 0x0000028aa8653d10
Event: 788.050 Thread 0x0000028abd684740 flushing nmethod 0x0000028aa8683490
Event: 788.050 Thread 0x0000028abd684740 flushing nmethod 0x0000028aa86ac310
Event: 788.050 Thread 0x0000028abd684740 flushing nmethod 0x0000028aa86c5c90
Event: 788.050 Thread 0x0000028abd684740 flushing nmethod 0x0000028aa86d1690
Event: 788.050 Thread 0x0000028abd684740 flushing nmethod 0x0000028aa86d3c90
Event: 788.051 Thread 0x0000028abd684740 flushing nmethod 0x0000028aa874ae10
Event: 788.051 Thread 0x0000028abd684740 flushing nmethod 0x0000028aa874b690
Event: 788.051 Thread 0x0000028abd684740 flushing nmethod 0x0000028aa874be90
Event: 788.051 Thread 0x0000028abd684740 flushing nmethod 0x0000028aa87f3210
Event: 788.052 Thread 0x0000028abd684740 flushing nmethod 0x0000028aa8845f10
Event: 788.052 Thread 0x0000028abd684740 flushing nmethod 0x0000028aa8852410
Event: 788.052 Thread 0x0000028abd684740 flushing nmethod 0x0000028aa8895d90
Event: 788.052 Thread 0x0000028abd684740 flushing nmethod 0x0000028aa8898390
Event: 788.052 Thread 0x0000028abd684740 flushing nmethod 0x0000028aa889f310
Event: 788.052 Thread 0x0000028abd684740 flushing nmethod 0x0000028aa88a0690
Event: 788.052 Thread 0x0000028abd684740 flushing nmethod 0x0000028aa88aa910
Event: 794.804 loading class java/util/Vector$Itr
Event: 794.805 loading class java/util/Vector$Itr done


Dynamic libraries:
0x00007ff6f7730000 - 0x00007ff6f773a000 	C:\Program Files\Android\Android Studio\jbr\bin\java.exe
0x00007ffb90870000 - 0x00007ffb90a87000 	C:\WINDOWS\SYSTEM32\ntdll.dll
0x00007ffb8ebe0000 - 0x00007ffb8eca4000 	C:\WINDOWS\System32\KERNEL32.DLL
0x00007ffb8e1f0000 - 0x00007ffb8e59d000 	C:\WINDOWS\System32\KERNELBASE.dll
0x00007ffb8dec0000 - 0x00007ffb8dfd1000 	C:\WINDOWS\System32\ucrtbase.dll
0x00007ffb82e60000 - 0x00007ffb82e77000 	C:\Program Files\Android\Android Studio\jbr\bin\jli.dll
0x00007ffb82ee0000 - 0x00007ffb82efb000 	C:\Program Files\Android\Android Studio\jbr\bin\VCRUNTIME140.dll
0x00007ffb8f380000 - 0x00007ffb8f52e000 	C:\WINDOWS\System32\USER32.dll
0x00007ffb8e060000 - 0x00007ffb8e086000 	C:\WINDOWS\System32\win32u.dll
0x00007ffb802a0000 - 0x00007ffb80533000 	C:\WINDOWS\WinSxS\amd64_microsoft.windows.common-controls_6595b64144ccf1df_6.0.22621.3672_none_2713b9d173822955\COMCTL32.dll
0x00007ffb8f340000 - 0x00007ffb8f369000 	C:\WINDOWS\System32\GDI32.dll
0x00007ffb8e960000 - 0x00007ffb8ea07000 	C:\WINDOWS\System32\msvcrt.dll
0x00007ffb8dd00000 - 0x00007ffb8de19000 	C:\WINDOWS\System32\gdi32full.dll
0x00007ffb8e150000 - 0x00007ffb8e1ea000 	C:\WINDOWS\System32\msvcp_win.dll
0x00007ffb8f250000 - 0x00007ffb8f281000 	C:\WINDOWS\System32\IMM32.DLL
0x00007ffb8ad50000 - 0x00007ffb8ad5c000 	C:\Program Files\Android\Android Studio\jbr\bin\vcruntime140_1.dll
0x00007ffb769d0000 - 0x00007ffb76a5d000 	C:\Program Files\Android\Android Studio\jbr\bin\msvcp140.dll
0x00007ffb07190000 - 0x00007ffb07e13000 	C:\Program Files\Android\Android Studio\jbr\bin\server\jvm.dll
0x00007ffb8f530000 - 0x00007ffb8f5e2000 	C:\WINDOWS\System32\ADVAPI32.dll
0x00007ffb8f5f0000 - 0x00007ffb8f699000 	C:\WINDOWS\System32\sechost.dll
0x00007ffb8de20000 - 0x00007ffb8de48000 	C:\WINDOWS\System32\bcrypt.dll
0x00007ffb8ecb0000 - 0x00007ffb8edc4000 	C:\WINDOWS\System32\RPCRT4.dll
0x00007ffb8d3d0000 - 0x00007ffb8d41d000 	C:\WINDOWS\SYSTEM32\POWRPROF.dll
0x00007ffb8ad70000 - 0x00007ffb8ad79000 	C:\WINDOWS\SYSTEM32\WSOCK32.dll
0x00007ffb89b50000 - 0x00007ffb89b84000 	C:\WINDOWS\SYSTEM32\WINMM.dll
0x00007ffb897d0000 - 0x00007ffb897da000 	C:\WINDOWS\SYSTEM32\VERSION.dll
0x00007ffb90340000 - 0x00007ffb903b1000 	C:\WINDOWS\System32\WS2_32.dll
0x00007ffb8d390000 - 0x00007ffb8d3a3000 	C:\WINDOWS\SYSTEM32\UMPDC.dll
0x00007ffb8cb80000 - 0x00007ffb8cb98000 	C:\WINDOWS\SYSTEM32\kernel.appcore.dll
0x00007ffb89d10000 - 0x00007ffb89d1a000 	C:\Program Files\Android\Android Studio\jbr\bin\jimage.dll
0x00007ffb86a20000 - 0x00007ffb86c52000 	C:\WINDOWS\SYSTEM32\DBGHELP.DLL
0x00007ffb904a0000 - 0x00007ffb9082d000 	C:\WINDOWS\System32\combase.dll
0x00007ffb903c0000 - 0x00007ffb90497000 	C:\WINDOWS\System32\OLEAUT32.dll
0x00007ffb862d0000 - 0x00007ffb86302000 	C:\WINDOWS\SYSTEM32\dbgcore.DLL
0x00007ffb8dfe0000 - 0x00007ffb8e05b000 	C:\WINDOWS\System32\bcryptPrimitives.dll
0x00007ffb82e80000 - 0x00007ffb82e8e000 	C:\Program Files\Android\Android Studio\jbr\bin\instrument.dll
0x00007ffb86900000 - 0x00007ffb86925000 	C:\Program Files\Android\Android Studio\jbr\bin\java.dll
0x00007ffb868e0000 - 0x00007ffb868f8000 	C:\Program Files\Android\Android Studio\jbr\bin\zip.dll
0x00007ffb8fad0000 - 0x00007ffb90338000 	C:\WINDOWS\System32\SHELL32.dll
0x00007ffb8ba90000 - 0x00007ffb8c38e000 	C:\WINDOWS\SYSTEM32\windows.storage.dll
0x00007ffb8b950000 - 0x00007ffb8ba8f000 	C:\WINDOWS\SYSTEM32\wintypes.dll
0x00007ffb8f6a0000 - 0x00007ffb8f799000 	C:\WINDOWS\System32\SHCORE.dll
0x00007ffb8f810000 - 0x00007ffb8f86e000 	C:\WINDOWS\System32\shlwapi.dll
0x00007ffb8dac0000 - 0x00007ffb8dae1000 	C:\WINDOWS\SYSTEM32\profapi.dll
0x00007ffb83a60000 - 0x00007ffb83a79000 	C:\Program Files\Android\Android Studio\jbr\bin\net.dll
0x00007ffb853b0000 - 0x00007ffb854e6000 	C:\WINDOWS\SYSTEM32\WINHTTP.dll
0x00007ffb8cfe0000 - 0x00007ffb8d049000 	C:\WINDOWS\system32\mswsock.dll
0x00007ffb83180000 - 0x00007ffb83196000 	C:\Program Files\Android\Android Studio\jbr\bin\nio.dll
0x00007ffb82f00000 - 0x00007ffb82f10000 	C:\Program Files\Android\Android Studio\jbr\bin\verify.dll
0x00007ffb73b30000 - 0x00007ffb73b57000 	C:\Users\ASUS\.gradle\native\c067742578af261105cb4f569cf0c3c89f3d7b1fecec35dd04571415982c5e48\windows-amd64\native-platform.dll
0x00007ffb40290000 - 0x00007ffb403d4000 	C:\Users\ASUS\.gradle\native\38dada09dfb8b06ba9b0570ebf7e218e3eb74d4ef43ca46872605cf95ebc2f47\windows-amd64\native-platform-file-events.dll
0x00007ffb83050000 - 0x00007ffb83059000 	C:\Program Files\Android\Android Studio\jbr\bin\management.dll
0x00007ffb83040000 - 0x00007ffb8304b000 	C:\Program Files\Android\Android Studio\jbr\bin\management_ext.dll
0x00007ffb8f370000 - 0x00007ffb8f378000 	C:\WINDOWS\System32\PSAPI.DLL
0x00007ffb8d420000 - 0x00007ffb8d43b000 	C:\WINDOWS\SYSTEM32\CRYPTSP.dll
0x00007ffb8cae0000 - 0x00007ffb8cb15000 	C:\WINDOWS\system32\rsaenh.dll
0x00007ffb8d080000 - 0x00007ffb8d0a8000 	C:\WINDOWS\SYSTEM32\USERENV.dll
0x00007ffb8d3b0000 - 0x00007ffb8d3bc000 	C:\WINDOWS\SYSTEM32\CRYPTBASE.dll
0x00007ffb8c5f0000 - 0x00007ffb8c61d000 	C:\WINDOWS\SYSTEM32\IPHLPAPI.DLL
0x00007ffb8f7a0000 - 0x00007ffb8f7a9000 	C:\WINDOWS\System32\NSI.dll
0x00007ffb85390000 - 0x00007ffb853a9000 	C:\WINDOWS\SYSTEM32\dhcpcsvc6.DLL
0x00007ffb85370000 - 0x00007ffb8538f000 	C:\WINDOWS\SYSTEM32\dhcpcsvc.DLL
0x00007ffb8c620000 - 0x00007ffb8c718000 	C:\WINDOWS\SYSTEM32\DNSAPI.dll
0x00007ffb83060000 - 0x00007ffb83069000 	C:\Program Files\Android\Android Studio\jbr\bin\extnet.dll
0x00007ffb868d0000 - 0x00007ffb868d8000 	C:\WINDOWS\system32\wshunix.dll

dbghelp: loaded successfully - version: 4.0.5 - missing functions: none
symbol engine: initialized successfully - sym options: 0x614 - pdb path: .;C:\Program Files\Android\Android Studio\jbr\bin;C:\WINDOWS\SYSTEM32;C:\WINDOWS\WinSxS\amd64_microsoft.windows.common-controls_6595b64144ccf1df_6.0.22621.3672_none_2713b9d173822955;C:\Program Files\Android\Android Studio\jbr\bin\server;C:\Users\ASUS\.gradle\native\c067742578af261105cb4f569cf0c3c89f3d7b1fecec35dd04571415982c5e48\windows-amd64;C:\Users\ASUS\.gradle\native\38dada09dfb8b06ba9b0570ebf7e218e3eb74d4ef43ca46872605cf95ebc2f47\windows-amd64

VM Arguments:
jvm_args: --add-opens=java.base/java.util=ALL-UNNAMED --add-opens=java.base/java.lang=ALL-UNNAMED --add-opens=java.base/java.lang.invoke=ALL-UNNAMED --add-opens=java.prefs/java.util.prefs=ALL-UNNAMED --add-opens=java.base/java.nio.charset=ALL-UNNAMED --add-opens=java.base/java.net=ALL-UNNAMED --add-opens=java.base/java.util.concurrent.atomic=ALL-UNNAMED -Xmx2048m -Dfile.encoding=UTF-8 -Duser.country=US -Duser.language=en -Duser.variant -javaagent:C:\Users\ASUS\.gradle\wrapper\dists\gradle-8.7-bin\bhs2wmbdwecv87pi65oeuq5iu\gradle-8.7\lib\agents\gradle-instrumentation-agent-8.7.jar 
java_command: org.gradle.launcher.daemon.bootstrap.GradleDaemon 8.7
java_class_path (initial): C:\Users\ASUS\.gradle\wrapper\dists\gradle-8.7-bin\bhs2wmbdwecv87pi65oeuq5iu\gradle-8.7\lib\gradle-launcher-8.7.jar
Launcher Type: SUN_STANDARD

[Global flags]
     intx CICompilerCount                          = 4                                         {product} {ergonomic}
     uint ConcGCThreads                            = 2                                         {product} {ergonomic}
     uint G1ConcRefinementThreads                  = 8                                         {product} {ergonomic}
   size_t G1HeapRegionSize                         = 1048576                                   {product} {ergonomic}
    uintx GCDrainStackTargetSize                   = 64                                        {product} {ergonomic}
   size_t InitialHeapSize                          = 130023424                                 {product} {ergonomic}
   size_t MarkStackSize                            = 4194304                                   {product} {ergonomic}
   size_t MaxHeapSize                              = 2147483648                                {product} {command line}
   size_t MaxNewSize                               = 1287651328                                {product} {ergonomic}
   size_t MinHeapDeltaBytes                        = 1048576                                   {product} {ergonomic}
   size_t MinHeapSize                              = 8388608                                   {product} {ergonomic}
    uintx NonNMethodCodeHeapSize                   = 5839372                                {pd product} {ergonomic}
    uintx NonProfiledCodeHeapSize                  = 122909434                              {pd product} {ergonomic}
    uintx ProfiledCodeHeapSize                     = 122909434                              {pd product} {ergonomic}
    uintx ReservedCodeCacheSize                    = 251658240                              {pd product} {ergonomic}
     bool SegmentedCodeCache                       = true                                      {product} {ergonomic}
   size_t SoftMaxHeapSize                          = 2147483648                             {manageable} {ergonomic}
     bool UseCompressedClassPointers               = true                           {product lp64_product} {ergonomic}
     bool UseCompressedOops                        = true                           {product lp64_product} {ergonomic}
     bool UseG1GC                                  = true                                      {product} {ergonomic}
     bool UseLargePagesIndividualAllocation        = false                                  {pd product} {ergonomic}

Logging:
Log output configuration:
 #0: stdout all=warning uptime,level,tags
 #1: stderr all=off uptime,level,tags

Environment Variables:
PATH=C:\Program Files\Common Files\Oracle\Java\javapath;C:\Program Files (x86)\Common Files\Oracle\Java\javapath;C:\Program Files (x86)\VMware\VMware Workstation\bin\;C:\ProgramData\Oracle\Java\javapath;C:\Windows\system32;C:\Windows;C:\Windows\System32\Wbem;C:\Windows\System32\WindowsPowerShell\v1.0\;C:\Windows\System32\OpenSSH\;C:\Program Files (x86)\NVIDIA Corporation\PhysX\Common;C:\Program Files\NVIDIA Corporation\NVIDIA NvDLISR;C:\WINDOWS\system32;C:\WINDOWS;C:\WINDOWS\System32\Wbem;C:\WINDOWS\System32\WindowsPowerShell\v1.0\;C:\WINDOWS\System32\OpenSSH\;C:\MinGW\bin;C:\Program Files\Microsoft SQL Server\Client SDK\ODBC\170\Tools\Binn\;C:\Program Files (x86)\Microsoft SQL Server\150\Tools\Binn\;C:\Program Files\Microsoft SQL Server\150\Tools\Binn\;C:\Program Files\Microsoft SQL Server\150\DTS\Binn\;C:\Program Files (x86)\Microsoft SQL Server\150\DTS\Binn\;C:\Program Files\nodejs\;C:\Program Files\Java\jdk-17\bin;C:\Program Files\Git\cmd;C:\Program Files\TortoiseGit\bin;C:\Program Files\MongoDB\Server\6.0\bin;C:\Program Files\Git\usr\bin;C:\fnm.exe;C:\Program Files\MySQL\MySQL Shell 8.0\bin\;C:\Users\ASUS\AppData\Local\Microsoft\WindowsApps;C:\MinGW\bin;C:\Program Files\Azure Data Studio\bin;C:\Program Files\JetBrains\IntelliJ IDEA Community Edition 2022.3.2\bin;;C:\Program Files\JetBrains\IntelliJ IDEA 2022.3.2\bin;;C:\Users\ASUS\AppData\Local\Programs\Microsoft VS Code\bin;C:\Users\ASUS\AppData\Roaming\npm;C:\Users\ASUS\AppData\Local\Programs\mongosh\;C:\Users\ASUS\AppData\Local\Microsoft\WinGet\Packages\Schniz.fnm_Microsoft.Winget.Source_8wekyb3d8bbwe;
USERNAME=ASUS
OS=Windows_NT
PROCESSOR_IDENTIFIER=Intel64 Family 6 Model 140 Stepping 1, GenuineIntel
TMP=C:\Users\ASUS\AppData\Local\Temp
TEMP=C:\Users\ASUS\AppData\Local\Temp



Periodic native trim disabled

JNI global refs:
JNI global refs: 27, weak refs: 0

JNI global refs memory usage: 843, weak refs: 841

Process memory usage:
Resident Set Size: 453964K (5% of 8075500K total physical memory with 760664K free physical memory)

OOME stack traces (most recent first):
Classloader memory used:
Loader org.gradle.internal.classloader.VisitableURLClassLoader                         : 12019K
Loader org.gradle.internal.classloader.VisitableURLClassLoader$InstrumentingVisitableURLClassLoader: 4202K
Loader bootstrap                                                                       : 3066K
Loader org.gradle.initialization.MixInLegacyTypesClassLoader                           : 1491K
Loader org.gradle.internal.classloader.VisitableURLClassLoader                         : 1042K
Loader jdk.internal.reflect.DelegatingClassLoader                                      : 158K
Loader jdk.internal.loader.ClassLoaders$PlatformClassLoader                            : 66595B
Loader jdk.internal.jrtfs.JrtFileSystemProvider$JrtFsLoader                            : 42438B
Loader org.gradle.groovy.scripts.internal.DefaultScriptCompilationHandler$ScriptClassLoader: 33114B
Loader jdk.internal.loader.ClassLoaders$AppClassLoader                                 : 28754B
Loader org.codehaus.groovy.runtime.callsite.CallSiteClassLoader                        : 8195B

Classes loaded by more than one classloader:
Class com.google.common.collect.ImmutableMapEntry$NonTerminalImmutableMapEntry        : loaded 4 times (x 83B)
Class com.google.common.collect.RegularImmutableSet                                   : loaded 4 times (x 146B)
Class com.google.common.collect.ImmutableSet$CachingAsList                            : loaded 4 times (x 145B)
Class com.google.common.base.CharMatcher$InRange                                      : loaded 4 times (x 109B)
Class com.google.common.collect.BiMap                                                 : loaded 4 times (x 68B)
Class com.google.common.collect.Lists                                                 : loaded 4 times (x 69B)
Class com.google.common.collect.RegularImmutableList                                  : loaded 4 times (x 172B)
Class com.google.common.collect.UnmodifiableIterator                                  : loaded 4 times (x 78B)
Class com.google.common.base.CharMatcher$IsEither                                     : loaded 4 times (x 109B)
Class com.google.common.base.CharMatcher$AnyOf                                        : loaded 4 times (x 110B)
Class com.google.common.base.JdkPattern                                               : loaded 4 times (x 73B)
Class com.google.common.collect.Multimap                                              : loaded 4 times (x 68B)
Class com.google.common.collect.ImmutableAsList                                       : loaded 4 times (x 169B)
Class com.google.common.collect.Platform                                              : loaded 4 times (x 69B)
Class com.google.common.collect.Iterators$MergingIterator                             : loaded 4 times (x 79B)
Class com.google.common.collect.ImmutableCollection                                   : loaded 4 times (x 123B)
Class com.google.common.collect.RegularImmutableMap$Values                            : loaded 4 times (x 167B)
Class com.google.common.collect.ImmutableList$ReverseImmutableList                    : loaded 4 times (x 168B)
Class com.google.common.collect.ImmutableMap                                          : loaded 4 times (x 118B)
Class com.google.common.collect.ObjectArrays                                          : loaded 4 times (x 69B)
Class com.google.common.collect.ImmutableList                                         : loaded 4 times (x 166B)
Class com.google.common.collect.ImmutableMap$IteratorBasedImmutableMap                : loaded 4 times (x 123B)
Class com.google.common.collect.Iterators$1                                           : loaded 4 times (x 79B)
Class com.google.common.base.CharMatcher$BitSetMatcher                                : loaded 4 times (x 110B)
Class com.google.common.base.CharMatcher$FastMatcher                                  : loaded 4 times (x 109B)
Class com.google.common.base.Joiner$2                                                 : loaded 4 times (x 77B)
Class com.google.common.base.Joiner$1                                                 : loaded 4 times (x 78B)
Class com.google.common.collect.Iterators$4                                           : loaded 4 times (x 80B)
Class com.google.common.collect.ImmutableMapEntry                                     : loaded 4 times (x 83B)
Class com.google.common.collect.RegularImmutableMap$BucketOverflowException           : loaded 4 times (x 80B)
Class com.google.common.collect.Iterators$5                                           : loaded 4 times (x 80B)
Class com.google.common.base.CharMatcher$NamedFastMatcher                             : loaded 4 times (x 110B)
Class com.google.common.base.Joiner                                                   : loaded 4 times (x 77B)
Class com.google.common.base.AbstractIterator$State                                   : loaded 4 times (x 77B)
Class com.google.common.base.Preconditions                                            : loaded 4 times (x 69B)
Class com.google.common.collect.ImmutableSet                                          : loaded 4 times (x 143B)
Class com.google.common.base.Function                                                 : loaded 4 times (x 68B)
Class com.google.common.collect.Iterators$9                                           : loaded 4 times (x 79B)
Class com.google.common.collect.RegularImmutableMap$KeySet                            : loaded 4 times (x 148B)
Class com.google.common.collect.ImmutableBiMap                                        : loaded 4 times (x 141B)
Class com.google.common.collect.Iterators$ArrayItr                                    : loaded 4 times (x 95B)
Class [Lcom.google.common.collect.AbstractMapEntry;                                   : loaded 4 times (x 67B)
Class com.google.common.collect.CollectPreconditions                                  : loaded 4 times (x 69B)
Class com.google.common.collect.SingletonImmutableList                                : loaded 4 times (x 167B)
Class com.google.common.collect.RegularImmutableMap                                   : loaded 4 times (x 119B)
Class com.google.common.base.Splitter                                                 : loaded 4 times (x 70B)
Class com.google.common.collect.AbstractIndexedListIterator                           : loaded 4 times (x 94B)
Class com.google.common.base.CharMatcher$None                                         : loaded 4 times (x 110B)
Class com.google.common.collect.UnmodifiableListIterator                              : loaded 4 times (x 93B)
Class com.google.common.collect.ImmutableList$1                                       : loaded 4 times (x 95B)
Class com.google.common.base.Splitter$Strategy                                        : loaded 4 times (x 68B)
Class com.google.common.collect.ImmutableMapEntrySet$RegularEntrySet                  : loaded 4 times (x 149B)
Class [Lcom.google.common.collect.ImmutableMapEntry;                                  : loaded 4 times (x 67B)
Class com.google.common.collect.ImmutableMap$MapViewOfValuesAsSingletonSets           : loaded 4 times (x 123B)
Class com.google.common.base.CharMatcher$ForPredicate                                 : loaded 4 times (x 110B)
Class com.google.common.collect.ImmutableSet$Builder                                  : loaded 4 times (x 83B)
Class com.google.common.base.Splitter$1$1                                             : loaded 4 times (x 84B)
Class com.google.common.collect.ImmutableSet$RegularSetBuilderImpl                    : loaded 4 times (x 75B)
Class [Lcom.google.common.collect.ImmutableEntry;                                     : loaded 4 times (x 67B)
Class com.google.common.base.Splitter$SplittingIterator                               : loaded 4 times (x 82B)
Class com.google.common.base.CharMatcher$Is                                           : loaded 4 times (x 109B)
Class com.google.common.base.CharMatcher$Negated                                      : loaded 4 times (x 111B)
Class com.google.common.collect.AbstractMapEntry                                      : loaded 4 times (x 79B)
Class com.google.common.collect.RegularImmutableAsList                                : loaded 4 times (x 176B)
Class com.google.common.base.CharMatcher$IsNot                                        : loaded 4 times (x 109B)
Class com.google.common.base.NullnessCasts                                            : loaded 4 times (x 69B)
Class com.google.common.collect.PeekingIterator                                       : loaded 4 times (x 68B)
Class com.google.common.collect.ImmutableMapEntrySet                                  : loaded 4 times (x 149B)
Class com.google.common.collect.AbstractIterator                                      : loaded 4 times (x 80B)
Class com.google.common.base.CharMatcher                                              : loaded 4 times (x 109B)
Class com.google.common.base.Predicate                                                : loaded 4 times (x 68B)
Class com.google.common.collect.SingletonImmutableSet                                 : loaded 4 times (x 144B)
Class com.google.common.base.CharMatcher$NegatedFastMatcher                           : loaded 4 times (x 111B)
Class [Lcom.google.common.base.AbstractIterator$State;                                : loaded 4 times (x 67B)
Class com.google.common.collect.ImmutableMap$Builder                                  : loaded 4 times (x 80B)
Class com.google.common.collect.AbstractMultimap                                      : loaded 4 times (x 121B)
Class com.google.common.base.AbstractIterator                                         : loaded 4 times (x 78B)
Class com.google.common.base.AbstractIterator$1                                       : loaded 4 times (x 69B)
Class com.google.common.base.CommonPattern                                            : loaded 4 times (x 72B)
Class com.google.common.collect.Iterators                                             : loaded 4 times (x 69B)
Class com.google.common.base.CharMatcher$1                                            : loaded 4 times (x 111B)
Class com.google.common.collect.ImmutableCollection$Builder                           : loaded 4 times (x 74B)
Class com.google.common.base.CharMatcher$And                                          : loaded 4 times (x 110B)
Class com.google.common.collect.IndexedImmutableSet                                   : loaded 4 times (x 148B)
Class Program                                                                         : loaded 4 times (x 72B)
Class com.google.common.collect.Lists$StringAsImmutableList                           : loaded 4 times (x 167B)
Class com.google.common.collect.ImmutableEntry                                        : loaded 4 times (x 80B)
Class com.google.common.collect.ImmutableList$SubList                                 : loaded 4 times (x 168B)
Class com.google.common.base.Splitter$1                                               : loaded 4 times (x 75B)
Class com.google.common.collect.Iterables                                             : loaded 4 times (x 69B)
Class com.google.common.collect.ImmutableSet$SetBuilderImpl                           : loaded 4 times (x 74B)
Class com.google.common.collect.ImmutableMap$1                                        : loaded 4 times (x 79B)
Class com.google.common.base.CharMatcher$Or                                           : loaded 4 times (x 110B)
Class com.google.common.base.Suppliers$SupplierOfInstance                             : loaded 3 times (x 77B)
Class com.google.common.base.CharMatcher$JavaIsoControl                               : loaded 3 times (x 110B)
Class org.objectweb.asm.RecordComponentVisitor                                        : loaded 3 times (x 75B)
Class [Lorg.objectweb.asm.Symbol;                                                     : loaded 3 times (x 67B)
Class com.google.common.util.concurrent.AbstractFuture$Cancellation                   : loaded 3 times (x 70B)
Class com.google.common.base.Splitter$5                                               : loaded 3 times (x 78B)
Class com.google.common.collect.Maps$BiMapConverter                                   : loaded 3 times (x 88B)
Class com.google.common.base.Ticker$1                                                 : loaded 3 times (x 70B)
Class com.google.common.base.CharMatcher$JavaLowerCase                                : loaded 3 times (x 109B)
Class com.google.common.util.concurrent.AbstractFuture                                : loaded 3 times (x 93B)
Class org.objectweb.asm.CurrentFrame                                                  : loaded 3 times (x 71B)
Class com.google.common.cache.LocalCache$ValueReference                               : loaded 3 times (x 68B)
Class org.gradle.api.Action                                                           : loaded 3 times (x 68B)
Class org.objectweb.asm.ClassTooLargeException                                        : loaded 3 times (x 81B)
Class com.google.common.util.concurrent.AbstractFuture$Listener                       : loaded 3 times (x 70B)
Class org.objectweb.asm.Handler                                                       : loaded 3 times (x 70B)
Class com.google.common.base.CharMatcher$RangesMatcher                                : loaded 3 times (x 110B)
Class com.google.common.collect.ArrayListMultimapGwtSerializationDependencies         : loaded 3 times (x 170B)
Class com.google.common.cache.LocalCache$Strength                                     : loaded 3 times (x 79B)
Class com.google.common.cache.CacheBuilder$OneWeigher                                 : loaded 3 times (x 80B)
Class com.google.common.base.CharMatcher$Any                                          : loaded 3 times (x 110B)
Class com.google.common.collect.AbstractListMultimap                                  : loaded 3 times (x 170B)
Class org.objectweb.asm.Edge                                                          : loaded 3 times (x 70B)
Class com.google.common.collect.Maps$EntryTransformer                                 : loaded 3 times (x 68B)
Class org.gradle.api.UncheckedIOException                                             : loaded 3 times (x 80B)
Class com.google.common.cache.LocalCache$ComputingValueReference                      : loaded 3 times (x 94B)
Class com.google.common.base.CharMatcher$Ascii                                        : loaded 3 times (x 110B)
Class [Lorg.objectweb.asm.SymbolTable$Entry;                                          : loaded 3 times (x 67B)
Class com.google.common.collect.SingletonImmutableBiMap                               : loaded 3 times (x 141B)
Class [Lcom.google.common.cache.CacheBuilder$OneWeigher;                              : loaded 3 times (x 67B)
Class com.google.common.cache.LocalCache$StrongEntry                                  : loaded 3 times (x 106B)
Class com.google.common.base.Suppliers                                                : loaded 3 times (x 69B)
Class org.objectweb.asm.ClassWriter                                                   : loaded 3 times (x 104B)
Class org.objectweb.asm.ClassVisitor                                                  : loaded 3 times (x 86B)
Class com.google.common.cache.LoadingCache                                            : loaded 3 times (x 68B)
Class com.google.common.base.CharMatcher$Digit                                        : loaded 3 times (x 110B)
Class com.google.common.util.concurrent.AbstractFuture$SafeAtomicHelper               : loaded 3 times (x 77B)
Class org.objectweb.asm.FieldWriter                                                   : loaded 3 times (x 76B)
Class com.google.common.primitives.Ints$IntConverter                                  : loaded 3 times (x 88B)
Class com.google.common.base.Charsets                                                 : loaded 3 times (x 69B)
Class com.google.common.math.IntMath                                                  : loaded 3 times (x 69B)
Class com.google.common.base.CharMatcher$JavaDigit                                    : loaded 3 times (x 109B)
Class com.google.common.cache.Cache                                                   : loaded 3 times (x 68B)
Class org.objectweb.asm.MethodTooLargeException                                       : loaded 3 times (x 81B)
Class com.google.common.collect.ImmutableBiMapFauxverideShim                          : loaded 3 times (x 118B)
Class com.google.common.cache.CacheLoader                                             : loaded 3 times (x 72B)
Class com.android.builder.model.v2.CustomSourceDirectory                              : loaded 3 times (x 68B)
Class com.google.common.collect.AbstractMapBasedMultimap                              : loaded 3 times (x 137B)
Class com.google.common.collect.ListMultimap                                          : loaded 3 times (x 68B)
Class org.objectweb.asm.Frame                                                         : loaded 3 times (x 71B)
Class com.google.common.cache.LocalCache$LocalManualCache                             : loaded 3 times (x 97B)
Class com.google.common.base.Platform                                                 : loaded 3 times (x 69B)
Class com.google.common.collect.ImmutableEnumSet                                      : loaded 3 times (x 144B)
Class [Lcom.google.common.cache.LocalCache$EntryFactory;                              : loaded 3 times (x 67B)
Class org.objectweb.asm.SymbolTable$Entry                                             : loaded 3 times (x 72B)
Class com.google.common.cache.LocalCache$LocalManualCache$1                           : loaded 3 times (x 73B)
Class com.google.common.collect.ImmutableList$Builder                                 : loaded 3 times (x 75B)
Class com.google.common.util.concurrent.AbstractFuture$SetFuture                      : loaded 3 times (x 73B)
Class com.google.common.cache.CacheLoader$1                                           : loaded 3 times (x 73B)
Class com.google.common.util.concurrent.AbstractFuture$TrustedFuture                  : loaded 3 times (x 95B)
Class com.google.common.collect.ImmutableSet$JdkBackedSetBuilderImpl                  : loaded 3 times (x 74B)
Class com.google.common.collect.Sets                                                  : loaded 3 times (x 69B)
Class [Lcom.google.common.cache.LocalCache$Segment;                                   : loaded 3 times (x 67B)
Class com.google.common.base.MoreObjects                                              : loaded 3 times (x 69B)
Class [Lcom.google.common.cache.RemovalListener;                                      : loaded 3 times (x 67B)
Class com.google.common.cache.RemovalListener                                         : loaded 3 times (x 68B)
Class com.google.common.collect.SortedMapDifference                                   : loaded 3 times (x 68B)
Class com.android.ide.common.repository.GradleVersion$VersionSegment                  : loaded 3 times (x 73B)
Class com.google.common.cache.CacheBuilder$2                                          : loaded 3 times (x 70B)
Class com.google.common.cache.CacheBuilder$1                                          : loaded 3 times (x 83B)
Class com.google.common.cache.CacheLoader$FunctionToCacheLoader                       : loaded 3 times (x 73B)
Class org.objectweb.asm.SymbolTable                                                   : loaded 3 times (x 70B)
Class [Lcom.android.builder.model.v2.ide.ProjectType;                                 : loaded 3 times (x 67B)
Class com.google.common.cache.CacheStats                                              : loaded 3 times (x 69B)
Class com.google.common.cache.CacheLoader$SupplierToCacheLoader                       : loaded 3 times (x 73B)
Class org.objectweb.asm.Attribute                                                     : loaded 3 times (x 75B)
Class com.google.common.cache.LocalCache$LocalLoadingCache                            : loaded 3 times (x 132B)
Class [Lcom.google.common.cache.Weigher;                                              : loaded 3 times (x 67B)
Class com.google.common.collect.Maps                                                  : loaded 3 times (x 69B)
Class com.google.common.primitives.IntsMethodsForWeb                                  : loaded 3 times (x 69B)
Class com.google.common.base.Supplier                                                 : loaded 3 times (x 68B)
Class com.google.common.util.concurrent.AbstractFuture$AtomicHelper                   : loaded 3 times (x 76B)
Class com.google.common.cache.LocalCache$Segment                                      : loaded 3 times (x 152B)
Class org.gradle.internal.Cast                                                        : loaded 3 times (x 69B)
Class com.google.common.cache.ReferenceEntry                                          : loaded 3 times (x 68B)
Class org.gradle.internal.IoActions                                                   : loaded 3 times (x 69B)
Class com.google.common.cache.LocalCache$EntryFactory                                 : loaded 3 times (x 81B)
Class com.google.common.util.concurrent.UncheckedExecutionException                   : loaded 3 times (x 80B)
Class com.google.common.cache.LocalCache$AbstractReferenceEntry                       : loaded 3 times (x 105B)
Class [Lorg.objectweb.asm.Type;                                                       : loaded 3 times (x 67B)
Class com.google.common.base.Equivalence$Equals                                       : loaded 3 times (x 80B)
Class org.objectweb.asm.Type                                                          : loaded 3 times (x 70B)
Class com.google.common.cache.Weigher                                                 : loaded 3 times (x 68B)
Class com.google.common.util.concurrent.AbstractFuture$UnsafeAtomicHelper             : loaded 3 times (x 76B)
Class com.google.common.util.concurrent.AbstractFuture$Failure                        : loaded 3 times (x 70B)
Class com.google.common.util.concurrent.SettableFuture                                : loaded 3 times (x 95B)
Class org.objectweb.asm.ModuleVisitor                                                 : loaded 3 times (x 79B)
Class com.google.common.base.CharMatcher$Invisible                                    : loaded 3 times (x 110B)
Class com.google.common.collect.BaseImmutableMultimap                                 : loaded 3 times (x 121B)
Class com.google.common.base.CharMatcher$JavaLetter                                   : loaded 3 times (x 109B)
Class com.google.common.collect.MapDifference                                         : loaded 3 times (x 68B)
Class com.google.common.collect.Sets$1                                                : loaded 3 times (x 137B)
Class com.google.common.util.concurrent.ListenableFuture                              : loaded 3 times (x 68B)
Class com.google.common.base.CharMatcher$Whitespace                                   : loaded 3 times (x 110B)
Class com.google.common.cache.CacheLoader$UnsupportedLoadingOperationException        : loaded 3 times (x 80B)
Class com.google.common.collect.Sets$2                                                : loaded 3 times (x 137B)
Class com.android.ide.common.repository.GradleVersion                                 : loaded 3 times (x 91B)
Class com.google.common.collect.Iterators$10                                          : loaded 3 times (x 79B)
Class com.google.common.util.concurrent.Uninterruptibles                              : loaded 3 times (x 69B)
Class com.google.common.util.concurrent.AbstractFuture$Waiter                         : loaded 3 times (x 70B)
Class com.google.common.util.concurrent.AbstractFuture$Trusted                        : loaded 3 times (x 68B)
Class com.google.common.cache.LocalCache$Strength$3                                   : loaded 3 times (x 79B)
Class com.google.common.collect.Sets$3                                                : loaded 3 times (x 137B)
Class com.google.common.cache.LocalCache$Strength$2                                   : loaded 3 times (x 79B)
Class com.google.common.cache.LocalCache$Strength$1                                   : loaded 3 times (x 79B)
Class org.objectweb.asm.Symbol                                                        : loaded 3 times (x 71B)
Class org.objectweb.asm.FieldVisitor                                                  : loaded 3 times (x 75B)
Class com.google.common.cache.AbstractCache$StatsCounter                              : loaded 3 times (x 68B)
Class com.google.common.collect.Sets$4                                                : loaded 3 times (x 137B)
Class com.google.common.collect.ImmutableEnumMap                                      : loaded 3 times (x 123B)
Class org.objectweb.asm.ModuleWriter                                                  : loaded 3 times (x 80B)
Class com.android.utils.StringHelper                                                  : loaded 3 times (x 69B)
Class com.google.common.base.Ascii                                                    : loaded 3 times (x 69B)
Class com.google.common.base.Ticker                                                   : loaded 3 times (x 70B)
Class com.google.common.base.PairwiseEquivalence                                      : loaded 3 times (x 81B)
Class com.google.common.base.Converter                                                : loaded 3 times (x 88B)
Class org.objectweb.asm.MethodWriter                                                  : loaded 3 times (x 104B)
Class org.objectweb.asm.ByteVector                                                    : loaded 3 times (x 77B)
Class com.google.common.cache.CacheBuilder                                            : loaded 3 times (x 70B)
Class com.google.common.collect.ForwardingObject                                      : loaded 3 times (x 70B)
Class com.google.common.base.CharMatcher$JavaLetterOrDigit                            : loaded 3 times (x 109B)
Class org.gradle.api.GradleException                                                  : loaded 3 times (x 80B)
Class com.google.common.collect.RegularImmutableBiMap                                 : loaded 3 times (x 146B)
Class com.google.common.collect.ImmutableSet$EmptySetBuilderImpl                      : loaded 3 times (x 74B)
Class com.android.builder.model.v2.ide.ProjectType                                    : loaded 3 times (x 77B)
Class com.google.common.cache.LocalCache$2                                            : loaded 3 times (x 140B)
Class com.google.common.cache.LocalCache$1                                            : loaded 3 times (x 87B)
Class org.objectweb.asm.AnnotationVisitor                                             : loaded 3 times (x 76B)
Class org.objectweb.asm.RecordComponentWriter                                         : loaded 3 times (x 76B)
Class com.google.common.base.FunctionalEquivalence                                    : loaded 3 times (x 81B)
Class com.google.common.util.concurrent.ExecutionError                                : loaded 3 times (x 80B)
Class com.google.common.base.Equivalence$Identity                                     : loaded 3 times (x 80B)
Class com.google.common.collect.Hashing                                               : loaded 3 times (x 69B)
Class com.google.common.base.CharMatcher$SingleWidth                                  : loaded 3 times (x 110B)
Class com.google.common.cache.LocalCache$LoadingValueReference                        : loaded 3 times (x 94B)
Class com.google.common.base.Platform$JdkPatternCompiler                              : loaded 3 times (x 73B)
Class com.google.common.base.Stopwatch                                                : loaded 3 times (x 70B)
Class com.google.common.cache.LocalCache                                              : loaded 3 times (x 185B)
Class com.google.common.cache.CacheLoader$InvalidCacheLoadException                   : loaded 3 times (x 80B)
Class com.google.common.base.Strings                                                  : loaded 3 times (x 69B)
Class com.google.common.collect.ArrayListMultimap                                     : loaded 3 times (x 170B)
Class com.google.common.util.concurrent.AbstractFuture$SynchronizedHelper             : loaded 3 times (x 76B)
Class com.google.common.math.MathPreconditions                                        : loaded 3 times (x 69B)
Class com.google.common.collect.ImmutableMultimap                                     : loaded 3 times (x 145B)
Class com.google.common.cache.CacheBuilder$NullListener                               : loaded 3 times (x 80B)
Class org.objectweb.asm.Label                                                         : loaded 3 times (x 71B)
Class com.google.common.math.IntMath$1                                                : loaded 3 times (x 69B)
Class org.objectweb.asm.AnnotationWriter                                              : loaded 3 times (x 77B)
Class com.google.common.util.concurrent.AbstractFuture$UnsafeAtomicHelper$1           : loaded 3 times (x 74B)
Class com.google.common.base.CharMatcher$JavaUpperCase                                : loaded 3 times (x 109B)
Class com.google.common.base.Equivalence                                              : loaded 3 times (x 80B)
Class com.google.common.collect.Sets$SetView                                          : loaded 3 times (x 136B)
Class com.google.common.collect.Multiset                                              : loaded 3 times (x 68B)
Class com.google.common.base.PatternCompiler                                          : loaded 3 times (x 68B)
Class [Lcom.google.common.cache.CacheBuilder$NullListener;                            : loaded 3 times (x 67B)
Class com.google.common.primitives.Ints                                               : loaded 3 times (x 69B)
Class com.google.common.cache.LocalCache$EntryFactory$1                               : loaded 3 times (x 81B)
Class com.android.utils.FileUtils                                                     : loaded 3 times (x 69B)
Class com.google.common.collect.Maps$8                                                : loaded 3 times (x 80B)
Class [Lcom.google.common.cache.LocalCache$Strength;                                  : loaded 3 times (x 67B)
Class org.objectweb.asm.MethodVisitor                                                 : loaded 3 times (x 103B)
Class com.google.common.cache.LocalCache$StrongValueReference                         : loaded 3 times (x 88B)
Class com.google.common.util.concurrent.internal.InternalFutureFailureAccess          : loaded 3 times (x 70B)
Class com.google.common.cache.LocalCache$EntryFactory$2                               : loaded 3 times (x 81B)
Class com.google.common.cache.LocalCache$EntryFactory$8                               : loaded 3 times (x 81B)
Class com.google.common.cache.LocalCache$EntryFactory$7                               : loaded 3 times (x 81B)
Class com.google.common.cache.LocalCache$EntryFactory$6                               : loaded 3 times (x 81B)
Class com.google.common.cache.LocalCache$EntryFactory$3                               : loaded 3 times (x 81B)
Class com.google.common.cache.LocalCache$EntryFactory$5                               : loaded 3 times (x 81B)
Class com.google.common.cache.LocalCache$EntryFactory$4                               : loaded 3 times (x 81B)
Class com.android.build.gradle.internal.dsl.VariantDimensionBinaryCompatibilityFix    : loaded 2 times (x 68B)
Class com.android.build.gradle.internal.dsl.decorator.DslDecorator$Companion$lookupDefineClassMethod$2: loaded 2 times (x 76B)
Class com.google.gson.internal.bind.CollectionTypeAdapterFactory                      : loaded 2 times (x 73B)
Class com.android.build.gradle.internal.plugins.AbstractAppPlugin                     : loaded 2 times (x 91B)
Class org.gradle.tooling.internal.adapter.ProtocolToModelAdapter$NoOpDecoration       : loaded 2 times (x 77B)
Class com.android.build.gradle.internal.LoggerWrapper                                 : loaded 2 times (x 84B)
Class kotlin.collections.ArraysKt__ArraysKt                                           : loaded 2 times (x 69B)
Class com.android.build.gradle.internal.plugins.BasePlugin$Companion                  : loaded 2 times (x 69B)
Class com.amazon.ion.IonDecimal                                                       : loaded 2 times (x 68B)
Class org.gradle.internal.time.MonotonicClock                                         : loaded 2 times (x 75B)
Class com.google.gson.FieldNamingPolicy$7                                             : loaded 2 times (x 81B)
Class com.google.gson.ToNumberStrategy                                                : loaded 2 times (x 68B)
Class com.android.build.gradle.internal.TaskManager                                   : loaded 2 times (x 79B)
Class com.android.build.gradle.internal.dsl.ComposeOptionsImpl                        : loaded 2 times (x 84B)
Class com.android.build.api.variant.HasHostTestsBuilder                               : loaded 2 times (x 68B)
Class org.gradle.tooling.internal.adapter.ProtocolToModelAdapter$SupportedPropertyInvoker: loaded 2 times (x 74B)
Class kotlin.reflect.KDeclarationContainer                                            : loaded 2 times (x 68B)
Class com.android.build.gradle.internal.tasks.factory.TaskProviderCallback            : loaded 2 times (x 68B)
Class com.android.build.gradle.internal.dsl.ConsumerKeepRulesImpl                     : loaded 2 times (x 90B)
Class org.gradle.tooling.model.build.JavaEnvironment                                  : loaded 2 times (x 68B)
Class com.amazon.ion.impl.bin.IonRawBinaryWriter$PreallocationMode$1                  : loaded 2 times (x 80B)
Class kotlin.collections.ArrayDeque$Companion                                         : loaded 2 times (x 69B)
Class com.amazon.ion.impl.bin.IonRawBinaryWriter$PreallocationMode$2                  : loaded 2 times (x 80B)
Class org.gradle.tooling.internal.adapter.ProtocolToModelAdapter$PropertyCachingMethodInvoker: loaded 2 times (x 74B)
Class com.android.build.api.dsl.BuildType                                             : loaded 2 times (x 68B)
Class com.amazon.ion.impl.bin.IonRawBinaryWriter$PreallocationMode$3                  : loaded 2 times (x 80B)
Class kotlin.text.StringsKt                                                           : loaded 2 times (x 69B)
Class org.gradle.internal.classloader.FilteringClassLoader                            : loaded 2 times (x 103B)
Class com.google.protobuf.Extension$ExtensionType                                     : loaded 2 times (x 77B)
Class com.amazon.ion.impl.lite.IonSymbolLite                                          : loaded 2 times (x 244B)
Class com.android.build.gradle.internal.dsl.AssetPackBundleExtensionImpl              : loaded 2 times (x 68B)
Class com.android.build.gradle.internal.api.DefaultAndroidSourceDirectorySet$directories$1: loaded 2 times (x 141B)
Class com.amazon.ion.impl.lite.IonContext                                             : loaded 2 times (x 68B)
Class kotlin.collections.AbstractMutableList                                          : loaded 2 times (x 166B)
Class jdk.internal.jimage.ImageReader$Resource                                        : loaded 2 times (x 82B)
Class com.android.build.gradle.internal.dsl.CoreExternalNativeNdkBuildOptions         : loaded 2 times (x 68B)
Class com.android.build.gradle.options.ApiStage$Removed                               : loaded 2 times (x 70B)
Class com.android.build.api.variant.ApplicationVariant                                : loaded 2 times (x 68B)
Class org.jetbrains.plugins.gradle.tooling.serialization.SerializationService         : loaded 2 times (x 68B)
Class kotlin.jvm.internal.Lambda                                                      : loaded 2 times (x 73B)
Class com.android.build.gradle.api.PrivacySandboxSdkPlugin                            : loaded 2 times (x 72B)
Class org.gradle.tooling.model.idea.IdeaDependencyScope                               : loaded 2 times (x 68B)
Class com.android.build.api.dsl.PrivacySandboxKeepRules                               : loaded 2 times (x 68B)
Class jdk.internal.jrtfs.SystemImage                                                  : loaded 2 times (x 72B)
Class com.android.build.gradle.internal.services.AndroidLocationsBuildService$RegistrationAction: loaded 2 times (x 72B)
Class org.gradle.tooling.model.Model                                                  : loaded 2 times (x 68B)
Class com.google.common.base.Converter$ReverseConverter                               : loaded 2 times (x 88B)
Class org.gradle.accessors.dm.LibrariesForLibs                                        : loaded 2 times (x 84B)
Class com.android.build.gradle.internal.dsl.DensitySplitOptions                       : loaded 2 times (x 98B)
Class com.android.build.gradle.internal.dsl.AbiSplitOptions                           : loaded 2 times (x 93B)
Class com.android.build.api.dsl.TestBuildType                                         : loaded 2 times (x 68B)
Class com.android.build.gradle.options.SyncOptions$EvaluationMode                     : loaded 2 times (x 77B)
Class kotlin.reflect.KCallable                                                        : loaded 2 times (x 68B)
Class org.gradle.internal.classpath.DefaultClassPath$ImmutableUniqueList$Builder      : loaded 2 times (x 73B)
Class com.android.build.gradle.internal.dsl.ProductFlavor                             : loaded 2 times (x 455B)
Class com.amazon.ion.impl.bin.IonManagedBinaryWriter$ImportedSymbolResolverMode$1$1   : loaded 2 times (x 76B)
Class com.google.common.collect.AbstractRangeSet                                      : loaded 2 times (x 112B)
Class com.google.common.collect.ExplicitOrdering                                      : loaded 2 times (x 113B)
Class com.google.wireless.android.sdk.stats.GradleBuildMemorySample                   : loaded 2 times (x 200B)
Class kotlin.UninitializedPropertyAccessException                                     : loaded 2 times (x 80B)
Class com.android.build.gradle.internal.dsl.decorator.SupportedPropertyType$Var$NullableBoolean: loaded 2 times (x 72B)
Class com.google.gson.JsonSyntaxException                                             : loaded 2 times (x 80B)
Class com.amazon.ion.impl._Private_IonContainer                                       : loaded 2 times (x 68B)
Class com.google.protobuf.Descriptors$Descriptor                                      : loaded 2 times (x 74B)
Class com.google.gson.FieldNamingPolicy$6                                             : loaded 2 times (x 81B)
Class com.android.build.api.dsl.TestCoverage                                          : loaded 2 times (x 68B)
Class com.android.prefs.VariableValue                                                 : loaded 2 times (x 82B)
Class com.google.gson.stream.JsonReader$1                                             : loaded 2 times (x 70B)
Class com.android.build.api.dsl.ExternalNativeBuildFlags                              : loaded 2 times (x 68B)
Class com.android.build.gradle.internal.errors.IncompatibleProjectOptionsReporter     : loaded 2 times (x 69B)
Class com.google.wireless.android.sdk.stats.GradleBuildProfileOrBuilder               : loaded 2 times (x 68B)
Class [Lcom.android.build.gradle.options.Option;                                      : loaded 2 times (x 67B)
Class kotlin.coroutines.jvm.internal.RestrictedSuspendLambda                          : loaded 2 times (x 89B)
Class com.android.builder.profile.NameAnonymizer                                      : loaded 2 times (x 70B)
Class com.android.build.gradle.internal.profile.AnalyticsConfiguratorService$Params_Decorated: loaded 2 times (x 132B)
Class com.amazon.ion.impl.lite.ContainerlessContext                                   : loaded 2 times (x 78B)
Class com.intellij.gradle.toolingExtension.impl.model.dependencyDownloadPolicyModel.GradleDependencyDownloadPolicy: loaded 2 times (x 68B)
Class com.google.protobuf.Internal$FloatList                                          : loaded 2 times (x 68B)
Class com.android.build.gradle.internal.plugins.DynamicFeaturePlugin                  : loaded 2 times (x 94B)
Class com.android.build.gradle.internal.tasks.ApplicationTaskManager                  : loaded 2 times (x 82B)
Class org.gradle.accessors.dm.LibrariesForLibs$BundleAccessors                        : loaded 2 times (x 71B)
Class com.google.gson.internal.sql.SqlDateTypeAdapter                                 : loaded 2 times (x 72B)
Class com.android.builder.model.SourceProvider                                        : loaded 2 times (x 68B)
Class com.google.common.base.Converter$ConverterComposition                           : loaded 2 times (x 88B)
Class com.google.wireless.android.sdk.stats.GradleBuildMemorySampleOrBuilder          : loaded 2 times (x 68B)
Class com.android.build.api.variant.HasAndroidTest                                    : loaded 2 times (x 68B)
Class kotlin.Result$Failure                                                           : loaded 2 times (x 70B)
Class com.android.build.gradle.internal.dsl.JniLibsPackagingImpl$AgpDecorated_Decorated: loaded 2 times (x 140B)
Class org.gradle.accessors.dm.LibrariesForLibs$ExtLibraryAccessors                    : loaded 2 times (x 75B)
Class com.google.common.collect.ImmutableMultimap$EntryCollection                     : loaded 2 times (x 125B)
Class org.jetbrains.kotlin.idea.gradleTooling.KotlinSourceSetContainer                : loaded 2 times (x 68B)
Class kotlin.Result$Companion                                                         : loaded 2 times (x 69B)
Class com.google.gson.FieldNamingPolicy$5                                             : loaded 2 times (x 81B)
Class com.google.common.collect.AbstractBiMap                                         : loaded 2 times (x 157B)
Class com.google.gson.internal.bind.JsonTreeWriter                                    : loaded 2 times (x 96B)
Class kotlin.io.FileSystemException                                                   : loaded 2 times (x 80B)
Class com.android.build.gradle.internal.variant.ApplicationVariantFactory             : loaded 2 times (x 104B)
Class com.android.build.gradle.options.Option$Status$STABLE                           : loaded 2 times (x 69B)
Class jdk.internal.jrtfs.JrtDirectoryStream$1                                         : loaded 2 times (x 81B)
Class com.android.build.gradle.internal.coverage.JacocoOptions_Decorated              : loaded 2 times (x 132B)
Class com.android.build.gradle.api.AndroidSourceFile                                  : loaded 2 times (x 68B)
Class com.google.protobuf.UnknownFieldSet                                             : loaded 2 times (x 85B)
Class com.android.build.gradle.internal.plugins.AndroidPluginBaseServices$configuratorService$2: loaded 2 times (x 77B)
Class kotlin.collections.IntIterator                                                  : loaded 2 times (x 80B)
Class com.google.gson.FieldNamingPolicy$4                                             : loaded 2 times (x 81B)
Class com.amazon.ion.IonMutableCatalog                                                : loaded 2 times (x 68B)
Class com.android.build.gradle.internal.dsl.SigningConfigImpl$AgpDecorated_Decorated  : loaded 2 times (x 153B)
Class kotlin.jvm.internal.markers.KMutableIterable                                    : loaded 2 times (x 68B)
Class org.gradle.internal.classloader.ClassLoaderVisitor                              : loaded 2 times (x 74B)
Class com.android.build.api.dsl.CompileOptions                                        : loaded 2 times (x 68B)
Class com.android.build.gradle.internal.dsl.JavaCompileOptions$AgpDecorated           : loaded 2 times (x 84B)
Class com.google.gson.internal.sql.SqlTimeTypeAdapter$1                               : loaded 2 times (x 73B)
Class com.android.build.gradle.internal.services.VariantServices                      : loaded 2 times (x 68B)
Class [Lcom.android.build.gradle.internal.utils.DependencyInfo;                       : loaded 2 times (x 67B)
Class com.google.gson.FieldNamingPolicy$3                                             : loaded 2 times (x 81B)
Class org.gradle.tooling.internal.adapter.ProtocolToModelAdapter$MethodInvocationCache$MethodInvocationKey: loaded 2 times (x 71B)
Class com.android.build.gradle.internal.services.DslServices                          : loaded 2 times (x 68B)
Class com.android.build.gradle.internal.component.PublishableCreationConfig           : loaded 2 times (x 68B)
Class org.jetbrains.plugins.gradle.tooling.serialization.internal.adapter.Supplier    : loaded 2 times (x 68B)
Class com.android.build.gradle.internal.dsl.VcsInfoImpl$AgpDecorated                  : loaded 2 times (x 79B)
Class com.android.build.gradle.internal.dsl.ExternalNativeBuild$AgpDecorated_Decorated: loaded 2 times (x 146B)
Class com.android.build.api.dsl.Publishing                                            : loaded 2 times (x 68B)
Class com.google.wireless.android.sdk.stats.GradleBuildProfileSpan$ExecutionType      : loaded 2 times (x 85B)
Class com.android.build.gradle.internal.crash.CrashReporting                          : loaded 2 times (x 69B)
Class com.android.builder.model.v2.models.Versions$Version                            : loaded 2 times (x 68B)
Class com.android.build.gradle.internal.tasks.factory.GlobalTaskNames                 : loaded 2 times (x 68B)
Class com.android.utils.DateProvider                                                  : loaded 2 times (x 68B)
Class com.amazon.ion.impl.SharedSymbolTable                                           : loaded 2 times (x 91B)
Class com.google.gson.TypeAdapter$1                                                   : loaded 2 times (x 72B)
Class com.android.build.api.dsl.BundleTexture                                         : loaded 2 times (x 68B)
Class org.gradle.internal.time.DefaultCountdownTimer                                  : loaded 2 times (x 86B)
Class com.android.build.gradle.internal.CompileOptions$Companion                      : loaded 2 times (x 69B)
Class com.android.build.gradle.internal.utils.GradleEnvironmentProviderImpl           : loaded 2 times (x 74B)
Class com.android.build.gradle.internal.dsl.PrivacySandboxImpl$AgpDecorated           : loaded 2 times (x 79B)
Class com.android.build.api.dsl.LibraryVariantDimension                               : loaded 2 times (x 68B)
Class [Lcom.android.buildanalyzer.common.TaskCategory;                                : loaded 2 times (x 67B)
Class com.android.build.gradle.internal.core.dsl.ApplicationVariantDslInfo            : loaded 2 times (x 68B)
Class [Lcom.amazon.ion.SymbolToken;                                                   : loaded 2 times (x 67B)
Class com.amazon.ion.impl.bin.IonManagedBinaryWriter$ImportedSymbolResolverMode       : loaded 2 times (x 78B)
Class com.android.build.gradle.internal.dsl.decorator.DslDecorator$Companion$privateLookupInMethod$2: loaded 2 times (x 76B)
Class com.android.build.gradle.options.Version                                        : loaded 2 times (x 77B)
Class com.android.build.api.extension.impl.VariantApiOperationsRegistrar              : loaded 2 times (x 70B)
Class kotlin.text.StringsKt__RegexExtensionsKt                                        : loaded 2 times (x 69B)
Class org.gradle.tooling.internal.adapter.CollectionMapper                            : loaded 2 times (x 71B)
Class com.amazon.ion.impl._Private_LocalSymbolTableFactory                            : loaded 2 times (x 68B)
Class com.android.build.gradle.internal.dsl.Splits$AgpDecorated                       : loaded 2 times (x 92B)
Class com.android.build.api.dsl.MultiDexConfig                                        : loaded 2 times (x 68B)
Class com.android.build.gradle.internal.dsl.ApplicationAndroidResourcesImpl$AgpDecorated: loaded 2 times (x 130B)
Class com.android.builder.model.v2.ide.TestInfo                                       : loaded 2 times (x 68B)
Class com.android.build.gradle.internal.dsl.VectorDrawablesOptions                    : loaded 2 times (x 85B)
Class com.android.build.gradle.internal.dsl.decorator.DslDecorator$ClassInfoVisitor   : loaded 2 times (x 68B)
Class org.gradle.internal.service.DefaultServiceLocator                               : loaded 2 times (x 81B)
Class org.jetbrains.plugins.gradle.model.jar.JarTaskManifestConfiguration             : loaded 2 times (x 68B)
Class com.android.ide.common.blame.SourcePositionJsonTypeAdapter                      : loaded 2 times (x 73B)
Class com.amazon.ion.impl.lite.IonFloatLite                                           : loaded 2 times (x 184B)
Class kotlin.text.StringsKt__StringBuilderJVMKt                                       : loaded 2 times (x 69B)
Class org.gradle.internal.service.UnknownServiceException                             : loaded 2 times (x 81B)
Class com.android.build.gradle.internal.profile.AnalyticsService$Params_Decorated     : loaded 2 times (x 153B)
Class com.google.gson.internal.bind.DefaultDateTypeAdapter$DateType$1                 : loaded 2 times (x 71B)
Class org.jetbrains.plugins.gradle.model.ClasspathEntryModel                          : loaded 2 times (x 68B)
Class kotlin.collections.SetsKt___SetsKt                                              : loaded 2 times (x 69B)
Class com.android.builder.profile.AnalyticsProfileWriter                              : loaded 2 times (x 70B)
Class com.android.build.api.variant.VariantSelector                                   : loaded 2 times (x 68B)
Class com.android.build.api.variant.CanMinifyAndroidResources                         : loaded 2 times (x 68B)
Class com.android.prefs.QueryResult                                                   : loaded 2 times (x 82B)
Class com.google.gson.internal.sql.SqlTypesSupport$1                                  : loaded 2 times (x 72B)
Class com.google.gson.FieldNamingPolicy$2                                             : loaded 2 times (x 81B)
Class com.google.gson.internal.sql.SqlTypesSupport$2                                  : loaded 2 times (x 72B)
Class com.android.build.api.variant.Variant                                           : loaded 2 times (x 68B)
Class com.amazon.ion.impl.lite.IonBlobLite                                            : loaded 2 times (x 217B)
Class kotlin.text.StringsKt__StringsJVMKt                                             : loaded 2 times (x 69B)
Class com.android.build.gradle.internal.dsl.SigningConfig                             : loaded 2 times (x 145B)
Class com.android.build.api.dsl.CmakeFlags                                            : loaded 2 times (x 68B)
Class com.amazon.ion.IonClob                                                          : loaded 2 times (x 68B)
Class com.android.builder.model.ApiVersion                                            : loaded 2 times (x 68B)
Class com.android.builder.model.v2.models.BasicAndroidProject                         : loaded 2 times (x 68B)
Class com.android.build.gradle.internal.dsl.decorator.DslDecorator$cache$1            : loaded 2 times (x 73B)
Class com.android.build.gradle.internal.plugins.BasePlugin$managedDeviceRegistry$2    : loaded 2 times (x 77B)
Class org.jetbrains.plugins.gradle.model.DependencyAccessorsModel                     : loaded 2 times (x 68B)
Class kotlin.collections.CollectionsKt___CollectionsKt$asSequence$$inlined$Sequence$1 : loaded 2 times (x 73B)
Class kotlin.collections.CollectionsKt__CollectionsKt                                 : loaded 2 times (x 69B)
Class org.gradle.tooling.model.idea.IdeaCompilerOutput                                : loaded 2 times (x 68B)
Class com.android.build.gradle.internal.dsl.SdkComponentsImpl                         : loaded 2 times (x 82B)
Class com.android.build.gradle.internal.dsl.Splits$AgpDecorated_Decorated             : loaded 2 times (x 143B)
Class org.gradle.internal.classloader.DefaultClassLoaderFactory                       : loaded 2 times (x 80B)
Class jdk.internal.jimage.ImageReader$SharedImageReader                               : loaded 2 times (x 93B)
Class com.google.gson.JsonNull                                                        : loaded 2 times (x 90B)
Class com.android.build.gradle.internal.services.ServiceRegistrationAction            : loaded 2 times (x 72B)
Class com.google.gson.FieldNamingPolicy$1                                             : loaded 2 times (x 81B)
Class org.jetbrains.plugins.gradle.model.internal.TurnOffDefaultTasks                 : loaded 2 times (x 68B)
Class com.android.build.gradle.internal.dsl.EmulatorSnapshots_Decorated               : loaded 2 times (x 148B)
Class com.android.build.gradle.internal.dsl.PrivacySandboxImpl                        : loaded 2 times (x 76B)
Class com.android.build.gradle.internal.api.AndroidSourceSetName                      : loaded 2 times (x 70B)
Class com.android.build.gradle.internal.dsl.NdkOptions$DebugSymbolLevel               : loaded 2 times (x 77B)
Class com.android.build.gradle.internal.tasks.factory.TaskFactoryUtils                : loaded 2 times (x 69B)
Class com.amazon.ion.UnsupportedIonVersionException                                   : loaded 2 times (x 83B)
Class org.jetbrains.plugins.gradle.tooling.ModelBuilderService$Parameter              : loaded 2 times (x 68B)
Class com.android.builder.model.v2.ide.AndroidArtifact                                : loaded 2 times (x 68B)
Class com.android.build.gradle.internal.dsl.decorator.SupportedPropertyType$Var$NullableInt: loaded 2 times (x 72B)
Class kotlin.io.FilesKt                                                               : loaded 2 times (x 69B)
Class com.google.protobuf.GeneratedMessageV3                                          : loaded 2 times (x 175B)
Class kotlin.collections.CollectionsKt__MutableCollectionsKt                          : loaded 2 times (x 69B)
Class org.gradle.tooling.internal.adapter.ProtocolToModelAdapter$DefaultViewBuilder   : loaded 2 times (x 78B)
Class com.android.build.gradle.options.Option$Status$Removed                          : loaded 2 times (x 70B)
Class com.android.build.gradle.internal.dsl.ApplicationExtensionImpl$AgpDecorated_Decorated: loaded 2 times (x 463B)
Class com.android.build.gradle.BaseExtension                                          : loaded 2 times (x 197B)
Class kotlin.ResultKt                                                                 : loaded 2 times (x 69B)
Class com.android.build.gradle.internal.tasks.factory.TaskCreationAction              : loaded 2 times (x 87B)
Class com.android.build.gradle.ProguardFiles$ProguardFile                             : loaded 2 times (x 77B)
Class org.jetbrains.plugins.gradle.model.GradleSourceSetModel                         : loaded 2 times (x 68B)
Class com.android.build.api.artifact.impl.SingleArtifactContainer                     : loaded 2 times (x 73B)
Class com.google.protobuf.CodedInputStream$UnsafeDirectNioDecoder                     : loaded 2 times (x 118B)
Class com.android.build.gradle.options.SigningOptions                                 : loaded 2 times (x 70B)
Class com.android.builder.model.v2.ide.AndroidGradlePluginProjectFlags$BooleanFlag    : loaded 2 times (x 77B)
Class com.android.builder.model.v2.ide.CodeShrinker                                   : loaded 2 times (x 77B)
Class com.android.build.gradle.internal.AvdComponentsBuildService                     : loaded 2 times (x 74B)
Class com.amazon.ion.impl.LocalSymbolTable                                            : loaded 2 times (x 119B)
Class org.jetbrains.plugins.gradle.model.internal.DummyModel                          : loaded 2 times (x 68B)
Class com.android.builder.model.BaseConfig                                            : loaded 2 times (x 68B)
Class org.jetbrains.plugins.gradle.model.GradleExtensions                             : loaded 2 times (x 68B)
Class com.google.common.collect.NullsFirstOrdering                                    : loaded 2 times (x 113B)
Class com.android.build.gradle.internal.services.StringCachingBuildService$RegistrationAction: loaded 2 times (x 72B)
Class [Lcom.google.gson.ToNumberStrategy;                                             : loaded 2 times (x 67B)
Class com.android.build.gradle.options.SyncOptions                                    : loaded 2 times (x 69B)
Class com.google.common.collect.ImmutableRangeSet$ComplementRanges                    : loaded 2 times (x 167B)
Class com.google.gson.JsonElement                                                     : loaded 2 times (x 90B)
Class org.gradle.accessors.dm.LibrariesForLibs$PluginAccessors                        : loaded 2 times (x 72B)
Class com.android.build.gradle.internal.tasks.LintCompile                             : loaded 2 times (x 318B)
Class org.jetbrains.plugins.gradle.model.GradleSourceSetDependencyModel               : loaded 2 times (x 68B)
Class org.jetbrains.plugins.gradle.tooling.serialization.GradleExtensionsSerializationService$WriteContext: loaded 2 times (x 70B)
Class org.gradle.accessors.dm.LibrariesForLibs_Decorated                              : loaded 2 times (x 132B)
Class kotlin.collections.CollectionsKt__ReversedViewsKt                               : loaded 2 times (x 69B)
Class com.android.build.api.artifact.ArtifactKind$FILE                                : loaded 2 times (x 70B)
Class com.google.common.collect.NaturalOrdering                                       : loaded 2 times (x 113B)
Class com.android.build.gradle.internal.tasks.SigningConfigUtils                      : loaded 2 times (x 69B)
Class com.android.prefs.VariableType                                                  : loaded 2 times (x 77B)
Class com.android.utils.NullLogger                                                    : loaded 2 times (x 83B)
Class com.android.build.gradle.internal.dsl.TestOptions$UnitTestOptions_Decorated     : loaded 2 times (x 132B)
Class com.google.protobuf.GeneratedMessage$GeneratedExtension                         : loaded 2 times (x 85B)
Class com.android.builder.core.AbstractProductFlavor$Companion                        : loaded 2 times (x 69B)
Class jdk.internal.jimage.decompressor.ZipDecompressorFactory                         : loaded 2 times (x 72B)
Class com.android.build.gradle.internal.dsl.ApplicationBuildFeaturesImpl              : loaded 2 times (x 118B)
Class com.android.build.gradle.internal.api.artifact.SourceArtifactType$SHADERS       : loaded 2 times (x 72B)
Class com.google.common.collect.ByFunctionOrdering                                    : loaded 2 times (x 113B)
Class com.android.build.gradle.internal.dsl.decorator.SupportedPropertyType           : loaded 2 times (x 71B)
Class com.android.build.gradle.internal.dependency.JacocoInstrumentationService       : loaded 2 times (x 79B)
Class com.amazon.ion.impl.LocalSymbolTableAsStruct$Factory                            : loaded 2 times (x 77B)
Class com.android.build.gradle.api.TestVariant                                        : loaded 2 times (x 68B)
Class com.android.build.gradle.internal.dsl.decorator.DslDecorator$Companion$classLoaderDefineClass$2: loaded 2 times (x 76B)
Class com.google.gson.internal.bind.JsonTreeReader                                    : loaded 2 times (x 96B)
Class com.android.build.gradle.internal.plugins.AndroidPluginBaseServices$optionService$2$1: loaded 2 times (x 76B)
Class org.gradle.internal.impldep.gnu.trove.PrimeFinder                               : loaded 2 times (x 69B)
Class com.android.build.api.extension.impl.VariantSelectorImpl                        : loaded 2 times (x 90B)
Class com.android.build.gradle.internal.dsl.DexOptions_Decorated                      : loaded 2 times (x 158B)
Class com.android.build.gradle.internal.tasks.factory.BootClasspathConfigImpl$mockableJarArtifact$2: loaded 2 times (x 77B)
Class com.android.builder.model.AdbOptions                                            : loaded 2 times (x 68B)
Class com.android.build.gradle.internal.errors.SyncIssueReporterImpl$GlobalSyncIssueService$RegistrationAction: loaded 2 times (x 72B)
Class com.android.build.api.variant.HasAndroidResources                               : loaded 2 times (x 68B)
Class com.android.build.api.dsl.DependenciesInfo                                      : loaded 2 times (x 68B)
Class com.amazon.ion.impl.bin.IonRawBinaryWriter$PatchList                            : loaded 2 times (x 83B)
Class kotlin.comparisons.ComparisonsKt                                                : loaded 2 times (x 69B)
Class com.amazon.ion.IonBlob                                                          : loaded 2 times (x 68B)
Class com.amazon.ion.impl.bin.Symbols                                                 : loaded 2 times (x 69B)
Class kotlin.sequences.SequenceScope                                                  : loaded 2 times (x 71B)
Class com.android.build.gradle.internal.dsl.BaseAppModuleExtension_Decorated          : loaded 2 times (x 529B)
Class com.android.ide.common.blame.Message$Kind$Companion                             : loaded 2 times (x 69B)
Class com.android.build.api.variant.HasAndroidTestBuilder                             : loaded 2 times (x 68B)
Class com.android.builder.model.v2.models.ModelBuilderParameter                       : loaded 2 times (x 68B)
Class com.google.protobuf.UnknownFieldSet$Parser                                      : loaded 2 times (x 148B)
Class com.amazon.ion.impl.IonWriterSystemText                                         : loaded 2 times (x 188B)
Class kotlin.collections.AbstractIterator$WhenMappings                                : loaded 2 times (x 69B)
Class com.android.build.gradle.internal.dsl.AarMetadataImpl$AgpDecorated_Decorated    : loaded 2 times (x 139B)
Class [Lcom.android.builder.model.TestOptions$Execution;                              : loaded 2 times (x 67B)
Class com.android.build.gradle.internal.services.Aapt2ThreadPoolBuildService          : loaded 2 times (x 78B)
Class com.android.builder.model.v2.ide.TestedTargetVariant                            : loaded 2 times (x 68B)
Class kotlin.sequences.SequencesKt__SequenceBuilderKt                                 : loaded 2 times (x 69B)
Class com.android.io.CancellableFileIo                                                : loaded 2 times (x 69B)
Class com.amazon.ion.impl.bin.utf8.Utf8StringEncoder$Result                           : loaded 2 times (x 72B)
Class org.jetbrains.plugins.gradle.tooling.serialization.internal.IdeaProjectSerializationService$WriteContext$1: loaded 2 times (x 81B)
Class org.jetbrains.plugins.gradle.tooling.serialization.internal.IdeaProjectSerializationService$WriteContext$2: loaded 2 times (x 81B)
Class org.jetbrains.plugins.gradle.model.VersionCatalogsModel                         : loaded 2 times (x 68B)
Class com.android.build.api.dsl.Lint                                                  : loaded 2 times (x 68B)
Class org.jetbrains.plugins.gradle.tooling.serialization.internal.IdeaProjectSerializationService$WriteContext$3: loaded 2 times (x 81B)
Class org.jetbrains.kotlin.idea.gradleTooling.AndroidAwareGradleModelProvider$Companion: loaded 2 times (x 69B)
Class org.jetbrains.plugins.gradle.tooling.serialization.internal.IdeaProjectSerializationService$WriteContext$4: loaded 2 times (x 81B)
Class kotlin.text.StringsKt__StringNumberConversionsKt                                : loaded 2 times (x 69B)
Class org.gradle.internal.classloader.VisitableURLClassLoader$Spec                    : loaded 2 times (x 72B)
Class org.jetbrains.plugins.gradle.tooling.serialization.internal.IdeaProjectSerializationService$WriteContext$5: loaded 2 times (x 81B)
Class org.gradle.tooling.model.ProjectModel                                           : loaded 2 times (x 68B)
Class com.android.build.gradle.internal.dsl.JniLibsPackagingImpl                      : loaded 2 times (x 87B)
Class org.jetbrains.plugins.gradle.tooling.serialization.internal.IdeaProjectSerializationService$WriteContext$6: loaded 2 times (x 81B)
Class org.gradle.internal.impldep.gnu.trove.TObjectIdentityHashingStrategy            : loaded 2 times (x 76B)
Class [Lcom.android.prefs.VariableValue;                                              : loaded 2 times (x 67B)
Class com.android.build.api.dsl.JniLibsPackaging                                      : loaded 2 times (x 68B)
Class org.jetbrains.plugins.gradle.tooling.serialization.internal.IdeaProjectSerializationService$WriteContext$7: loaded 2 times (x 81B)
Class org.gradle.tooling.internal.gradle.DefaultProjectIdentifier                     : loaded 2 times (x 84B)
Class com.android.build.gradle.internal.api.artifact.SourceArtifactType               : loaded 2 times (x 72B)
Class com.google.gson.internal.bind.CollectionTypeAdapterFactory$Adapter              : loaded 2 times (x 72B)
Class org.jetbrains.plugins.gradle.tooling.serialization.internal.IdeaProjectSerializationService$WriteContext$8: loaded 2 times (x 81B)
Class com.google.protobuf.MessageLite                                                 : loaded 2 times (x 68B)
Class com.android.build.gradle.api.FusedLibraryPlugin                                 : loaded 2 times (x 72B)
Class com.intellij.util.containers.IntObjectHashMap                                   : loaded 2 times (x 70B)
Class org.gradle.api.internal.classpath.ModuleRegistry                                : loaded 2 times (x 68B)
Class com.android.build.gradle.internal.dsl.LanguageSplitOptions_Decorated            : loaded 2 times (x 126B)
Class org.gradle.tooling.model.UnsupportedMethodException                             : loaded 2 times (x 80B)
Class com.android.build.gradle.internal.dsl.VcsInfoImpl$AgpDecorated_Decorated        : loaded 2 times (x 127B)
Class com.android.build.gradle.internal.dsl.DefaultConfig                             : loaded 2 times (x 423B)
Class com.google.wireless.android.sdk.stats.JavaProcessStats                          : loaded 2 times (x 204B)
Class [Lcom.android.build.gradle.options.Version;                                     : loaded 2 times (x 67B)
Class com.android.build.api.dsl.TestedExtension                                       : loaded 2 times (x 68B)
Class kotlin.KotlinNothingValueException                                              : loaded 2 times (x 80B)
Class com.android.build.gradle.internal.packaging.PackagingOptionsUtilsKt             : loaded 2 times (x 69B)
Class com.android.build.gradle.internal.plugins.VersionCheckPlugin$apply$1            : loaded 2 times (x 77B)
Class com.google.common.collect.CompoundOrdering                                      : loaded 2 times (x 113B)
Class com.android.build.gradle.internal.dsl.ApplicationAndroidResourcesImpl           : loaded 2 times (x 124B)
Class com.android.build.api.artifact.impl.ScopedArtifactsImpl                         : loaded 2 times (x 73B)
Class com.android.build.api.dsl.BaseFlavor                                            : loaded 2 times (x 68B)
Class com.amazon.ion.impl.bin.IonRawBinaryWriter$PatchList$Node                       : loaded 2 times (x 70B)
Class [Lcom.android.build.gradle.options.SyncOptions$EvaluationMode;                  : loaded 2 times (x 67B)
Class com.android.build.gradle.internal.testing.ManagedDeviceRegistry                 : loaded 2 times (x 73B)
Class com.amazon.ion.impl.bin.PooledBlockAllocatorProvider$PooledBlockAllocator       : loaded 2 times (x 79B)
Class com.google.protobuf.Message$Builder                                             : loaded 2 times (x 68B)
Class com.android.build.api.dsl.CommonExtension                                       : loaded 2 times (x 68B)
Class com.android.builder.model.v2.ide.LibraryType                                    : loaded 2 times (x 77B)
Class com.android.build.gradle.internal.variant.VariantFactory                        : loaded 2 times (x 68B)
Class org.jetbrains.plugins.gradle.model.RepositoriesModel                            : loaded 2 times (x 68B)
Class kotlin.jvm.internal.markers.KMutableCollection                                  : loaded 2 times (x 68B)
Class org.gradle.api.JavaVersion                                                      : loaded 2 times (x 77B)
Class com.android.build.gradle.internal.dsl.CommonExtensionImpl$sdkComponents$2       : loaded 2 times (x 77B)
Class com.android.build.gradle.internal.dsl.decorator.annotation.NonNullableSetter    : loaded 2 times (x 68B)
Class com.android.build.gradle.internal.services.AndroidLocationsBuildService$AndroidDirectoryCreator$Params_Decorated: loaded 2 times (x 134B)
Class com.amazon.ion.impl._Private_RecyclingStack                                     : loaded 2 times (x 70B)
Class com.google.common.collect.ImmutableRangeSet                                     : loaded 2 times (x 113B)
Class com.android.build.gradle.internal.dsl.LintImpl                                  : loaded 2 times (x 206B)
Class com.google.protobuf.MessageLiteOrBuilder                                        : loaded 2 times (x 68B)
Class com.android.build.api.dsl.ComposeOptions                                        : loaded 2 times (x 68B)
Class com.google.wireless.android.sdk.stats.GradleBuildProfile                        : loaded 2 times (x 245B)
Class kotlin.jvm.internal.markers.KMappedMarker                                       : loaded 2 times (x 68B)
Class com.amazon.ion.impl.bin.WriteBuffer                                             : loaded 2 times (x 76B)
Class com.android.build.gradle.internal.dsl.DexOptions                                : loaded 2 times (x 101B)
Class org.gradle.tooling.internal.adapter.TypeInspector                               : loaded 2 times (x 71B)
Class org.gradle.api.internal.ClassPathProvider                                       : loaded 2 times (x 68B)
Class kotlin.jvm.internal.CallableReference                                           : loaded 2 times (x 104B)
Class [Lcom.android.builder.model.v2.ide.BytecodeTransformation;                      : loaded 2 times (x 67B)
Class com.android.build.gradle.internal.plugins.BasePlugin$globalConfig$2             : loaded 2 times (x 77B)
Class com.android.utils.ILogger                                                       : loaded 2 times (x 68B)
Class com.google.gson.TypeAdapterFactory                                              : loaded 2 times (x 68B)
Class com.android.build.gradle.internal.services.AndroidLocationsBuildService         : loaded 2 times (x 88B)
Class com.android.build.gradle.internal.dsl.CommonExtensionImpl$dataBinding$1         : loaded 2 times (x 73B)
Class com.android.builder.core.AbstractProductFlavor$DimensionRequest                 : loaded 2 times (x 70B)
Class com.android.build.api.dsl.ApplicationPublishing                                 : loaded 2 times (x 68B)
Class com.google.gson.reflect.TypeToken                                               : loaded 2 times (x 73B)
Class com.android.build.api.artifact.impl.TypedStorageProvider                        : loaded 2 times (x 70B)
Class com.android.build.gradle.internal.dsl.decorator.DslDecorator$CollectingInfoVisitor: loaded 2 times (x 73B)
Class org.gradle.internal.classloader.ClasspathUtil$1                                 : loaded 2 times (x 74B)
Class com.android.build.api.artifact.Artifact$Companion                               : loaded 2 times (x 69B)
Class com.android.build.gradle.internal.dsl.BundleOptionsStoreArchive                 : loaded 2 times (x 75B)
Class com.android.build.gradle.internal.plugins.BasePlugin$sdkComponentsBuildService$2$1: loaded 2 times (x 77B)
Class com.google.gson.internal.bind.ReflectiveTypeAdapterFactory$Adapter              : loaded 2 times (x 75B)
Class com.android.ide.common.blame.SourcePosition                                     : loaded 2 times (x 69B)
Class com.google.gson.JsonDeserializer                                                : loaded 2 times (x 68B)
Class com.android.builder.model.v2.dsl.DependenciesInfo                               : loaded 2 times (x 68B)
Class com.android.builder.core.DexOptions                                             : loaded 2 times (x 68B)
Class com.android.build.gradle.internal.dsl.ConfigurableFilesImpl                     : loaded 2 times (x 78B)
Class org.jetbrains.plugins.gradle.tooling.serialization.ExternalTestsSerializationService$ReadContext: loaded 2 times (x 70B)
Class com.android.build.gradle.internal.dsl.ExternalNativeNdkBuildOptions             : loaded 2 times (x 107B)
Class [Lcom.amazon.ion.impl.bin._Private_IonManagedBinaryWriterBuilder$AllocatorMode; : loaded 2 times (x 67B)
Class org.gradle.tooling.model.DomainObjectSet                                        : loaded 2 times (x 68B)
Class com.google.common.base.Enums$StringConverter                                    : loaded 2 times (x 88B)
Class com.google.protobuf.AbstractParser                                              : loaded 2 times (x 148B)
Class com.google.wireless.android.sdk.stats.GradleBuildProjectOrBuilder               : loaded 2 times (x 68B)
Class com.android.build.api.dsl.DexPackaging                                          : loaded 2 times (x 68B)
Class com.amazon.ion.IonSymbol                                                        : loaded 2 times (x 68B)
Class org.jetbrains.plugins.gradle.model.ExternalProjectDependency                    : loaded 2 times (x 68B)
Class com.google.protobuf.LazyStringList                                              : loaded 2 times (x 68B)
Class com.android.build.gradle.internal.VariantManager                                : loaded 2 times (x 70B)
Class com.android.build.gradle.internal.lint.AndroidLintGlobalTask$GlobalCreationAction$Companion: loaded 2 times (x 69B)
Class com.android.build.api.dsl.SdkComponents                                         : loaded 2 times (x 68B)
Class com.android.build.gradle.internal.dsl.decorator.SupportedPropertyType$Collection: loaded 2 times (x 72B)
Class com.android.buildanalyzer.common.TaskCategory                                   : loaded 2 times (x 78B)
Class com.google.common.collect.ForwardingMap                                         : loaded 2 times (x 130B)
Class kotlin.sequences.TransformingSequence                                           : loaded 2 times (x 73B)
Class com.android.build.gradle.internal.api.ReadOnlyObjectProvider                    : loaded 2 times (x 74B)
Class com.android.build.gradle.internal.dsl.BundleOptionsTexture$AgpDecorated_Decorated: loaded 2 times (x 132B)
Class com.android.build.gradle.internal.dsl.decorator.SupportedPropertyType$Collection$List: loaded 2 times (x 72B)
Class [Lcom.android.builder.core.ComponentTypeImpl;                                   : loaded 2 times (x 67B)
Class kotlin.collections.CollectionsKt__MutableCollectionsJVMKt                       : loaded 2 times (x 69B)
Class com.android.build.gradle.internal.dsl.BuildFeaturesImpl                         : loaded 2 times (x 108B)
Class com.google.protobuf.Extension                                                   : loaded 2 times (x 83B)
Class com.google.gson.internal.sql.SqlTimestampTypeAdapter$1                          : loaded 2 times (x 73B)
Class com.android.build.gradle.internal.dsl.ExternalNativeBuild                       : loaded 2 times (x 89B)
Class com.android.build.gradle.internal.services.AndroidLocationsBuildService$AndroidDirectoryCreator$Params$Inject: loaded 2 times (x 106B)
Class kotlin.collections.EmptyList                                                    : loaded 2 times (x 134B)
Class com.android.build.gradle.AbstractAppExtension                                   : loaded 2 times (x 217B)
Class com.google.protobuf.UninitializedMessageException                               : loaded 2 times (x 82B)
Class com.android.build.gradle.internal.api.artifact.SourceArtifactType$ANDROID_RESOURCES: loaded 2 times (x 72B)
Class com.android.utils.EnvironmentProvider                                           : loaded 2 times (x 68B)
Class com.android.build.gradle.internal.dsl.decorator.SupportedPropertyType$Var$Boolean: loaded 2 times (x 72B)
Class com.android.build.api.variant.DslExtension                                      : loaded 2 times (x 70B)
Class com.android.build.api.dsl.AnnotationProcessorOptions                            : loaded 2 times (x 68B)
Class com.android.build.gradle.internal.utils.AnalyticsEnabledValueSource$Params      : loaded 2 times (x 68B)
Class com.android.tools.analytics.HostData$classLoadingBean$2                         : loaded 2 times (x 76B)
Class com.android.build.api.dsl.DynamicFeatureDefaultConfig                           : loaded 2 times (x 68B)
Class com.google.protobuf.CodedInputStream$StreamDecoder                              : loaded 2 times (x 118B)
Class com.android.builder.model.v2.dsl.ProductFlavor                                  : loaded 2 times (x 68B)
Class com.android.build.gradle.internal.services.Aapt2DaemonBuildService$Parameters   : loaded 2 times (x 70B)
Class com.android.build.gradle.internal.profile.TaskMetadata                          : loaded 2 times (x 70B)
Class com.android.build.gradle.internal.plugins.FusedLibraryPlugin                    : loaded 2 times (x 79B)
Class com.android.build.api.dsl.AdbOptions                                            : loaded 2 times (x 68B)
Class com.google.wireless.android.sdk.stats.GradleBuildVariantOrBuilder               : loaded 2 times (x 68B)
Class com.android.builder.model.v2.ide.ApiVersion                                     : loaded 2 times (x 68B)
Class com.amazon.ion.impl.bin.BlockAllocator                                          : loaded 2 times (x 78B)
Class com.android.build.gradle.options.StringOption                                   : loaded 2 times (x 84B)
Class com.amazon.ion.IonBufferConfiguration                                           : loaded 2 times (x 71B)
Class com.android.build.api.dsl.Packaging                                             : loaded 2 times (x 68B)
Class com.android.build.gradle.internal.dsl.CoreShaderOptions                         : loaded 2 times (x 68B)
Class com.android.build.api.dsl.Bundle                                                : loaded 2 times (x 68B)
Class org.bouncycastle.jcajce.provider.config.ConfigurableProvider                    : loaded 2 times (x 68B)
Class com.android.repository.Revision                                                 : loaded 2 times (x 85B)
Class com.google.common.collect.Ordering                                              : loaded 2 times (x 112B)
Class com.android.build.gradle.internal.dsl.BaselineProfileImpl$AgpDecorated          : loaded 2 times (x 82B)
Class com.android.build.gradle.internal.dsl.SdkComponentsImpl$sdkDirectory$1          : loaded 2 times (x 73B)
Class com.android.build.api.variant.CanMinifyAndroidResourcesBuilder                  : loaded 2 times (x 68B)
Class com.amazon.ion.IonCatalog                                                       : loaded 2 times (x 68B)
Class com.android.build.api.extension.impl.AndroidComponentsExtensionImpl             : loaded 2 times (x 103B)
Class com.google.gson.GsonBuilder                                                     : loaded 2 times (x 70B)
Class com.google.common.collect.EmptyImmutableListMultimap                            : loaded 2 times (x 174B)
Class kotlin.sequences.SequencesKt__SequencesKt$flatten$3                             : loaded 2 times (x 76B)
Class org.gradle.internal.classloader.ClassLoaderFactory                              : loaded 2 times (x 68B)
Class com.android.build.gradle.internal.utils.AnalyticsEnabledValueSource$Inject      : loaded 2 times (x 107B)
Class com.amazon.ion.impl.bin.IonManagedBinaryWriter$LocalSymbolTableView             : loaded 2 times (x 105B)
Class com.android.build.gradle.internal.dsl.CoreExternalNativeBuildOptions            : loaded 2 times (x 68B)
Class com.android.build.api.dsl.BundleCodeTransparency                                : loaded 2 times (x 68B)
Class com.google.protobuf.Internal                                                    : loaded 2 times (x 69B)
Class org.objectweb.asm.commons.GeneratorAdapter                                      : loaded 2 times (x 185B)
Class com.android.build.gradle.internal.TaskManager$Companion                         : loaded 2 times (x 69B)
Class com.android.build.gradle.internal.dsl.AarMetadataImpl                           : loaded 2 times (x 68B)
Class com.android.build.gradle.internal.services.FakeDependencyJarBuildService$Params_Decorated: loaded 2 times (x 132B)
Class com.android.build.gradle.internal.dsl.ApplicationExtensionImpl$AgpDecorated     : loaded 2 times (x 374B)
Class kotlin.ranges.IntProgression                                                    : loaded 2 times (x 79B)
Class com.android.build.gradle.internal.res.Aapt2FromMaven$Companion$Aapt2Extractor   : loaded 2 times (x 76B)
Class com.android.build.gradle.internal.plugins.AndroidPluginBaseServices$projectServices$2$1: loaded 2 times (x 77B)
Class com.android.build.gradle.api.JavaCompileOptions                                 : loaded 2 times (x 68B)
Class com.android.build.gradle.internal.dsl.ApplicationPublishingImpl                 : loaded 2 times (x 79B)
Class com.amazon.ion.system.IonWriterBuilder                                          : loaded 2 times (x 72B)
Class kotlin.jvm.internal.FunctionReference                                           : loaded 2 times (x 120B)
Class com.android.build.api.dsl.DynamicFeatureBaseFlavor                              : loaded 2 times (x 68B)
Class com.android.build.gradle.internal.dsl.BaselineProfileImpl                       : loaded 2 times (x 77B)
Class com.android.build.gradle.internal.dsl.AarMetadataImpl$AgpDecorated              : loaded 2 times (x 89B)
Class com.android.build.api.variant.ApplicationVariantBuilder                         : loaded 2 times (x 68B)
Class com.android.build.gradle.internal.dsl.KeepRulesImpl$AgpDecorated_Decorated      : loaded 2 times (x 135B)
Class kotlin.coroutines.EmptyCoroutineContext                                         : loaded 2 times (x 75B)
Class jdk.internal.jimage.ImageHeader                                                 : loaded 2 times (x 69B)
Class com.amazon.ion.impl.lite.IonListLite                                            : loaded 2 times (x 449B)
Class com.android.build.gradle.internal.ide.dependencies.LibraryDependencyCacheBuildService$Parameters: loaded 2 times (x 68B)
Class kotlin.sequences.SequencesKt__SequencesKt$flatten$1                             : loaded 2 times (x 76B)
Class com.android.build.gradle.internal.services.FakeDependencyJarBuildService$lazyCachedFakeJar$1: loaded 2 times (x 73B)
Class com.android.build.gradle.internal.plugins.AndroidPluginBaseServices$basePluginApply$2: loaded 2 times (x 73B)
Class [Lcom.android.build.gradle.options.TestRunnerArguments;                         : loaded 2 times (x 67B)
Class com.android.build.api.variant.DslLifecycle                                      : loaded 2 times (x 68B)
Class org.jetbrains.plugins.gradle.model.FileCollectionDependency                     : loaded 2 times (x 68B)
Class com.android.build.api.artifact.impl.StorageProviderImpl$fileStorage$1           : loaded 2 times (x 76B)
Class com.android.build.gradle.internal.plugins.AndroidPluginBaseServices$basePluginApply$3: loaded 2 times (x 73B)
Class org.gradle.api.internal.classpath.ManifestUtil                                  : loaded 2 times (x 69B)
Class org.gradle.api.specs.Spec                                                       : loaded 2 times (x 68B)
Class com.android.build.gradle.internal.plugins.AndroidPluginBaseServices$basePluginApply$4: loaded 2 times (x 73B)
Class com.android.build.api.variant.AndroidComponentsExtension                        : loaded 2 times (x 68B)
Class com.android.build.gradle.internal.dsl.DensitySplitOptions$AgpDecorated_Decorated: loaded 2 times (x 155B)
Class com.android.build.gradle.internal.dsl.AbiSplitOptions$AgpDecorated_Decorated    : loaded 2 times (x 146B)
Class com.google.common.collect.RangeSet                                              : loaded 2 times (x 68B)
Class com.android.build.gradle.internal.lint.AndroidLintGlobalTask                    : loaded 2 times (x 316B)
Class kotlin.text.MatchNamedGroupCollection                                           : loaded 2 times (x 68B)
Class kotlin.jvm.internal.Intrinsics                                                  : loaded 2 times (x 69B)
Class com.google.gson.internal.bind.TypeAdapters$1                                    : loaded 2 times (x 73B)
Class com.google.gson.JsonIOException                                                 : loaded 2 times (x 80B)
Class com.android.builder.core.ComponentType                                          : loaded 2 times (x 68B)
Class com.google.gson.internal.bind.TypeAdapters$2                                    : loaded 2 times (x 73B)
Class com.google.wireless.android.sdk.stats.GradleBuildProject$PluginType             : loaded 2 times (x 85B)
Class com.amazon.ion.impl.bin._Private_IonManagedBinaryWriterBuilder                  : loaded 2 times (x 70B)
Class com.google.gson.internal.bind.TypeAdapters$3                                    : loaded 2 times (x 73B)
Class com.android.build.gradle.internal.plugins.BasePlugin$createVariantModel$1       : loaded 2 times (x 77B)
Class com.google.gson.internal.bind.TypeAdapters$4                                    : loaded 2 times (x 73B)
Class [Lcom.android.ide.common.blame.Message$Kind;                                    : loaded 2 times (x 67B)
Class com.android.build.gradle.internal.plugins.BasePlugin$createVariantModel$2       : loaded 2 times (x 77B)
Class org.gradle.internal.exceptions.DefaultMultiCauseException                       : loaded 2 times (x 93B)
Class com.android.build.api.dsl.Splits                                                : loaded 2 times (x 68B)
Class com.google.gson.internal.bind.TypeAdapters$5                                    : loaded 2 times (x 73B)
Class com.android.build.gradle.internal.plugins.BasePlugin$createVariantModel$3       : loaded 2 times (x 77B)
Class com.android.build.gradle.internal.plugins.BasePlugin$versionedSdkLoaderService$2$1$1: loaded 2 times (x 77B)
Class com.google.gson.internal.bind.TypeAdapters$6                                    : loaded 2 times (x 73B)
Class com.amazon.ion.impl.lite._Private_LiteDomTrampoline                             : loaded 2 times (x 69B)
Class com.android.build.gradle.internal.plugins.BasePlugin$createVariantModel$4       : loaded 2 times (x 77B)
Class com.android.build.gradle.internal.dsl.ResourcesPackagingImpl$AgpDecorated       : loaded 2 times (x 84B)
Class com.android.build.api.dsl.SingleVariant                                         : loaded 2 times (x 68B)
Class com.android.build.gradle.internal.plugins.BasePlugin$versionedSdkLoaderService$2$1$2: loaded 2 times (x 77B)
Class com.google.gson.internal.bind.TypeAdapters$7                                    : loaded 2 times (x 73B)
Class com.android.build.gradle.internal.dsl.Lockable                                  : loaded 2 times (x 68B)
Class com.amazon.ion.impl.lite.IonValueLite                                           : loaded 2 times (x 145B)
Class com.amazon.ion.IonValue                                                         : loaded 2 times (x 68B)
Class com.google.gson.internal.bind.TypeAdapters$8                                    : loaded 2 times (x 73B)
Class com.google.gson.internal.bind.TypeAdapters$9                                    : loaded 2 times (x 73B)
Class com.amazon.ion.impl.bin.PooledBlockAllocatorProvider$PooledBlockAllocator$1     : loaded 2 times (x 77B)
Class org.gradle.tooling.internal.gradle.GradleBuildIdentity                          : loaded 2 times (x 68B)
Class com.google.protobuf.AbstractMessageLite$Builder                                 : loaded 2 times (x 124B)
Class com.google.common.base.Enums                                                    : loaded 2 times (x 69B)
Class kotlin.jvm.internal.ArrayIterator                                               : loaded 2 times (x 77B)
Class kotlin.text.StringsKt___StringsJvmKt                                            : loaded 2 times (x 69B)
Class org.gradle.tooling.internal.adapter.ProtocolToModelAdapter$ReflectionMethodInvoker: loaded 2 times (x 74B)
Class com.google.wireless.android.sdk.stats.GradleBuildProject$Builder                : loaded 2 times (x 354B)
Class com.amazon.ion.impl.bin._Private_IonManagedWriter                               : loaded 2 times (x 68B)
Class org.jetbrains.plugins.gradle.model.GradleConfiguration                          : loaded 2 times (x 68B)
Class com.android.build.gradle.internal.tasks.ExtractProguardFiles                    : loaded 2 times (x 319B)
Class com.android.build.gradle.internal.dsl.CmakeOptions                              : loaded 2 times (x 96B)
Class org.gradle.accessors.dm.LibrariesForLibs$VersionAccessors                       : loaded 2 times (x 80B)
Class com.android.builder.model.Named                                                 : loaded 2 times (x 68B)
Class [Lcom.google.gson.FieldNamingPolicy;                                            : loaded 2 times (x 67B)
Class com.android.build.gradle.internal.dsl.BundleOptionsAbi                          : loaded 2 times (x 75B)
Class com.android.builder.model.v2.dsl.BaseConfig                                     : loaded 2 times (x 68B)
Class com.android.build.gradle.internal.scope.ProjectInfo                             : loaded 2 times (x 70B)
Class com.android.build.api.variant.ComponentIdentity                                 : loaded 2 times (x 68B)
Class kotlin.ranges.OpenEndRange                                                      : loaded 2 times (x 68B)
Class com.android.build.gradle.internal.dsl.SigningConfigImpl$AgpDecorated            : loaded 2 times (x 99B)
Class jdk.internal.jrtfs.SystemImage$2                                                : loaded 2 times (x 74B)
Class com.android.build.api.artifact.impl.StorageProviderImpl$directory$1             : loaded 2 times (x 76B)
Class com.android.build.gradle.internal.services.RunOnceBuildServiceImpl              : loaded 2 times (x 80B)
Class jdk.internal.jrtfs.SystemImage$1                                                : loaded 2 times (x 76B)
Class com.android.build.api.dsl.PublishingOptions                                     : loaded 2 times (x 68B)
Class com.android.build.VariantOutput                                                 : loaded 2 times (x 68B)
Class com.android.build.gradle.internal.api.artifact.SourceArtifactType$JNI           : loaded 2 times (x 72B)
Class com.google.protobuf.Parser                                                      : loaded 2 times (x 68B)
Class com.android.build.gradle.internal.errors.SyncIssueReporterImpl$GlobalSyncIssueService$Parameters_Decorated: loaded 2 times (x 135B)
Class com.android.build.gradle.internal.api.DefaultAndroidSourceFile                  : loaded 2 times (x 86B)
Class com.android.build.gradle.internal.dsl.TestFixturesImpl_Decorated                : loaded 2 times (x 129B)
Class org.gradle.internal.installation.GradleInstallation$1                           : loaded 2 times (x 73B)
Class com.android.build.gradle.internal.plugins.BasePlugin$extensionData$2            : loaded 2 times (x 77B)
Class [Lcom.android.ide.common.gradle.Separator;                                      : loaded 2 times (x 67B)
Class com.android.build.gradle.internal.BuildFeaturesUtils                            : loaded 2 times (x 69B)
Class com.google.gson.internal.sql.SqlDateTypeAdapter$1                               : loaded 2 times (x 73B)
Class com.amazon.ion.impl.bin.PooledBlockAllocatorProvider                            : loaded 2 times (x 71B)
Class com.android.build.gradle.internal.dsl.OptimizationImpl$AgpDecorated             : loaded 2 times (x 81B)
Class kotlin.coroutines.CoroutineContext                                              : loaded 2 times (x 68B)
Class com.android.build.api.dsl.Optimization                                          : loaded 2 times (x 68B)
Class com.amazon.ion.SymbolToken                                                      : loaded 2 times (x 68B)
Class com.android.build.gradle.internal.res.Aapt2FromMaven$Companion                  : loaded 2 times (x 69B)
Class com.android.build.gradle.internal.crash.ExternalApiUsageException               : loaded 2 times (x 80B)
Class com.amazon.ion.impl._Private_IonReaderBuilder                                   : loaded 2 times (x 93B)
Class com.android.build.gradle.internal.services.Aapt2ThreadPoolBuildService$Params_Decorated: loaded 2 times (x 132B)
Class com.amazon.ion.impl.lite.IonSequenceLite                                        : loaded 2 times (x 391B)
Class com.android.ide.common.blame.Message$Kind                                       : loaded 2 times (x 77B)
Class com.amazon.ion.IonList                                                          : loaded 2 times (x 68B)
Class ijInit1_1hs6knqjmi03xokj2gosxytfy                                               : loaded 2 times (x 177B)
Class com.android.utils.Environment$Companion$SYSTEM$1                                : loaded 2 times (x 72B)
Class com.android.build.gradle.internal.dsl.BundleOptionsDeviceTier$AgpDecorated      : loaded 2 times (x 83B)
Class com.android.build.gradle.internal.api.artifact.SourceArtifactType$KOTLIN_SOURCES: loaded 2 times (x 72B)
Class com.android.builder.internal.BaseConfigImpl                                     : loaded 2 times (x 113B)
Class com.android.builder.model.v2.ide.JavaArtifact                                   : loaded 2 times (x 68B)
Class com.google.common.collect.AllEqualOrdering                                      : loaded 2 times (x 112B)
Class com.android.build.gradle.internal.dsl.DataBindingOptions$AgpDecorated           : loaded 2 times (x 110B)
Class [Lcom.google.wireless.android.sdk.stats.GradleBuildVariant$VariantType;         : loaded 2 times (x 67B)
Class com.android.build.gradle.internal.lint.AndroidLintGlobalTask$LintFixCreationAction: loaded 2 times (x 90B)
Class com.android.build.api.dsl.LibraryKeepRules                                      : loaded 2 times (x 68B)
Class com.android.builder.model.v2.dsl.SigningConfig                                  : loaded 2 times (x 68B)
Class com.android.build.gradle.internal.dsl.BuildType$Companion                       : loaded 2 times (x 69B)
Class com.android.build.gradle.options.TestRunnerArguments                            : loaded 2 times (x 77B)
Class com.android.build.gradle.internal.services.BaseServicesImpl                     : loaded 2 times (x 82B)
Class com.google.common.collect.ComparatorOrdering                                    : loaded 2 times (x 113B)
Class org.gradle.tooling.GradleConnectionException                                    : loaded 2 times (x 80B)
Class com.android.build.api.dsl.DataBinding                                           : loaded 2 times (x 68B)
Class com.google.common.collect.Maps$UnmodifiableBiMap                                : loaded 2 times (x 151B)
Class com.android.build.gradle.internal.plugins.PrivacySandboxSdkPlugin               : loaded 2 times (x 79B)
Class org.jetbrains.plugins.gradle.model.FilePatternSet                               : loaded 2 times (x 68B)
Class com.android.build.gradle.internal.dsl.NdkBuildOptions$AgpDecorated_Decorated    : loaded 2 times (x 141B)
Class com.amazon.ion.impl._Private_IonWriter                                          : loaded 2 times (x 68B)
Class com.android.build.api.dsl.PrivacySandboxSdkBundle                               : loaded 2 times (x 68B)
Class com.android.build.gradle.internal.dsl.decorator.SupportedPropertyType$Block     : loaded 2 times (x 72B)
Class com.android.build.gradle.internal.dependency.GenericTransformParameters         : loaded 2 times (x 68B)
Class com.android.ide.common.blame.SourceFilePositionJsonSerializer                   : loaded 2 times (x 75B)
Class com.android.build.api.dsl.ConfigurableFiles                                     : loaded 2 times (x 68B)
Class kotlin.collections.ArrayDeque                                                   : loaded 2 times (x 167B)
Class org.gradle.api.internal.DefaultClassPathProvider                                : loaded 2 times (x 74B)
Class com.google.gson.internal.$Gson$Types                                            : loaded 2 times (x 69B)
Class com.android.build.api.dsl.ApplicationBaseFlavor                                 : loaded 2 times (x 68B)
Class org.gradle.tooling.internal.adapter.ObjectGraphAdapter                          : loaded 2 times (x 68B)
Class org.jetbrains.kotlin.idea.gradleTooling.KotlinMPPGradleModel                    : loaded 2 times (x 68B)
Class com.android.prefs.AndroidPathLocator                                            : loaded 2 times (x 71B)
Class com.android.build.gradle.options.TestRunnerArguments$Companion                  : loaded 2 times (x 69B)
Class com.google.common.base.Converter$FunctionBasedConverter                         : loaded 2 times (x 88B)
Class com.android.build.gradle.internal.model.CoreExternalNativeBuild                 : loaded 2 times (x 68B)
Class com.android.build.gradle.internal.errors.SyncIssueReporterImpl                  : loaded 2 times (x 75B)
Class com.google.common.collect.LexicographicalOrdering                               : loaded 2 times (x 113B)
Class kotlin.sequences.SequencesKt                                                    : loaded 2 times (x 69B)
Class com.android.build.gradle.internal.plugins.AndroidPluginBaseServices$settingsExtension$2: loaded 2 times (x 77B)
Class com.google.common.collect.RangeGwtSerializationDependencies                     : loaded 2 times (x 69B)
Class com.android.build.api.artifact.impl.SingleInitialProviderRequestImpl            : loaded 2 times (x 70B)
Class com.android.build.api.dsl.BundleStoreArchive                                    : loaded 2 times (x 68B)
Class com.android.build.gradle.internal.ide.v2.GlobalSyncService$RegistrationAction   : loaded 2 times (x 72B)
Class com.android.build.api.dsl.ApkExtension                                          : loaded 2 times (x 68B)
Class com.amazon.ion.impl.lite.IonLoaderLite                                          : loaded 2 times (x 80B)
Class com.android.build.gradle.internal.dsl.CoreExternalNativeCmakeOptions            : loaded 2 times (x 68B)
Class com.android.build.gradle.internal.profile.AnalyticsConfiguratorService$Params   : loaded 2 times (x 68B)
Class kotlin.collections.EmptyIterator                                                : loaded 2 times (x 87B)
Class com.android.utils.Environment                                                   : loaded 2 times (x 72B)
Class com.amazon.ion.impl._Private_ByteTransferSink                                   : loaded 2 times (x 68B)
Class [Lcom.android.build.api.artifact.impl.InternalScopedArtifacts$InternalScope;    : loaded 2 times (x 67B)
Class com.android.build.gradle.internal.api.TestedVariant                             : loaded 2 times (x 68B)
Class [Lcom.amazon.ion.SymbolTable;                                                   : loaded 2 times (x 67B)
Class jdk.internal.jimage.decompressor.StringSharingDecompressorFactory               : loaded 2 times (x 72B)
Class com.google.gson.internal.bind.TypeAdapters$34$1                                 : loaded 2 times (x 72B)
Class build_9reh3ta3gek6xari4irzyq8v5                                                 : loaded 2 times (x 178B)
Class com.amazon.ion.impl._Private_IonValue                                           : loaded 2 times (x 68B)
Class com.android.build.gradle.internal.utils.AnalyticsSettingsUtils                  : loaded 2 times (x 69B)
Class com.android.ide.gradle.model.LegacyV1AgpVersionModel                            : loaded 2 times (x 68B)
Class com.android.build.gradle.internal.plugins.BasePlugin$newExtension$2             : loaded 2 times (x 77B)
Class kotlin.jvm.internal.FunctionReferenceImpl                                       : loaded 2 times (x 120B)
Class com.android.build.gradle.options.ProjectOptionService$Params$Inject             : loaded 2 times (x 104B)
Class com.android.ide.common.repository.GradleVersion$VersionQualifiers               : loaded 2 times (x 70B)
Class com.google.common.collect.ImmutableMultimap$Builder                             : loaded 2 times (x 81B)
Class kotlin.comparisons.ComparisonsKt___ComparisonsJvmKt                             : loaded 2 times (x 69B)
Class com.android.builder.model.v2.ide.VectorDrawablesOptions                         : loaded 2 times (x 68B)
Class com.android.builder.model.v2.ide.JavaCompileOptions                             : loaded 2 times (x 68B)
Class com.android.build.gradle.internal.variant.LegacyVariantInputManager             : loaded 2 times (x 95B)
Class com.google.protobuf.ExtensionRegistry                                           : loaded 2 times (x 85B)
Class com.google.protobuf.ExtensionRegistryFactory                                    : loaded 2 times (x 69B)
Class com.android.build.gradle.internal.services.ClassesHierarchyBuildService$RegistrationAction: loaded 2 times (x 72B)
Class com.android.prefs.AbstractAndroidLocations$Companion                            : loaded 2 times (x 69B)
Class com.google.wireless.android.sdk.stats.GarbageCollectionStats$1                  : loaded 2 times (x 149B)
Class org.jetbrains.plugins.gradle.tooling.serialization.internal.adapter.InternalBuildIdentifier: loaded 2 times (x 73B)
Class com.android.ide.common.blame.SourceFileJsonTypeAdapter                          : loaded 2 times (x 73B)
Class com.android.build.gradle.internal.utils.GradlePluginUtils                       : loaded 2 times (x 69B)
Class com.android.builder.model.v2.ide.TestInfo$Execution                             : loaded 2 times (x 77B)
Class com.android.build.api.variant.ComponentBuilder                                  : loaded 2 times (x 68B)
Class org.gradle.api.internal.classpath.EffectiveClassPath                            : loaded 2 times (x 88B)
Class com.android.build.api.dsl.Split                                                 : loaded 2 times (x 68B)
Class com.amazon.ion.impl.bin.IonRawBinaryWriter$StreamFlushMode                      : loaded 2 times (x 77B)
Class com.amazon.ion.impl._Private_ValueFactory                                       : loaded 2 times (x 68B)
Class com.android.build.gradle.api.AnnotationProcessorOptions                         : loaded 2 times (x 68B)
Class com.amazon.ion.BufferConfiguration$Builder                                      : loaded 2 times (x 76B)
Class kotlin.jvm.internal.DefaultConstructorMarker                                    : loaded 2 times (x 69B)
Class com.android.build.gradle.internal.dsl.BundleOptionsTexture$AgpDecorated         : loaded 2 times (x 83B)
Class com.google.gson.internal.bind.ReflectiveTypeAdapterFactory                      : loaded 2 times (x 73B)
Class com.google.gson.LongSerializationPolicy                                         : loaded 2 times (x 78B)
Class com.amazon.ion.impl.lite.IonBoolLite                                            : loaded 2 times (x 176B)
Class com.android.build.gradle.internal.dsl.BaselineProfileImpl$AgpDecorated_Decorated: loaded 2 times (x 130B)
Class com.google.common.base.CaseFormat                                               : loaded 2 times (x 81B)
Class com.android.builder.model.v2.ide.Installation                                   : loaded 2 times (x 68B)
Class kotlin.text.MatchGroupCollection                                                : loaded 2 times (x 68B)
Class com.amazon.ion.IonReader                                                        : loaded 2 times (x 68B)
Class com.android.build.gradle.internal.api.artifact.SourceArtifactType$ASSETS        : loaded 2 times (x 72B)
Class com.amazon.ion.impl.bin.utf8.Pool                                               : loaded 2 times (x 72B)
Class com.android.build.gradle.internal.variant.AbstractVariantInputManager           : loaded 2 times (x 95B)
Class com.google.common.collect.SetMultimap                                           : loaded 2 times (x 68B)
Class com.android.build.api.artifact.impl.ArtifactsImpl                               : loaded 2 times (x 79B)
Class com.android.ide.common.blame.MessageJsonSerializer                              : loaded 2 times (x 74B)
Class com.amazon.ion.impl.bin.utf8.Utf8StringEncoder                                  : loaded 2 times (x 78B)
Class com.amazon.ion.IonSexp                                                          : loaded 2 times (x 68B)
Class com.android.build.gradle.internal.dsl.BuildType$AgpDecorated                    : loaded 2 times (x 373B)
Class com.android.build.api.dsl.AndroidTest                                           : loaded 2 times (x 68B)
Class com.android.build.gradle.internal.profile.AnalyticsServiceApi                   : loaded 2 times (x 68B)
Class com.google.gson.internal.$Gson$Preconditions                                    : loaded 2 times (x 69B)
Class com.amazon.ion.impl.lite.IonSystemLite                                          : loaded 2 times (x 273B)
Class [Lcom.android.builder.model.v2.ide.TestInfo$Execution;                          : loaded 2 times (x 67B)
Class com.android.build.gradle.internal.plugins.BasePlugin$extension$2                : loaded 2 times (x 77B)
Class com.android.builder.model.v2.models.Versions                                    : loaded 2 times (x 68B)
Class com.amazon.ion.impl.bin._Private_IonManagedBinaryWriterBuilder$AllocatorMode    : loaded 2 times (x 78B)
Class com.android.build.api.artifact.impl.TypedStorageProvider$getArtifact$1$1        : loaded 2 times (x 77B)
Class org.bouncycastle.operator.OperatorCreationException                             : loaded 2 times (x 80B)
Class com.android.build.gradle.internal.services.Aapt2ThreadPoolBuildService$RegistrationAction: loaded 2 times (x 72B)
Class com.android.build.gradle.internal.dsl.BundleOptionsStoreArchive$AgpDecorated_Decorated: loaded 2 times (x 127B)
Class org.objectweb.asm.commons.LocalVariablesSorter                                  : loaded 2 times (x 108B)
Class com.android.build.gradle.internal.api.artifact.SourceArtifactType$JAVA_SOURCES  : loaded 2 times (x 72B)
Class com.android.build.gradle.internal.core.dsl.features.TestOptionsDslInfo          : loaded 2 times (x 68B)
Class org.gradle.internal.exceptions.ResolutionProvider                               : loaded 2 times (x 68B)
Class org.gradle.tooling.model.idea.IdeaDependency                                    : loaded 2 times (x 68B)
Class com.android.build.gradle.internal.tasks.SigningConfigUtils$Companion$gson$2     : loaded 2 times (x 76B)
Class com.android.ide.common.blame.Message                                            : loaded 2 times (x 70B)
Class org.jetbrains.kotlin.idea.gradleTooling.model.annotation.AnnotationBasedPluginModel: loaded 2 times (x 68B)
Class com.google.protobuf.FieldSet$FieldDescriptorLite                                : loaded 2 times (x 68B)
Class com.google.gson.internal.ConstructorConstructor                                 : loaded 2 times (x 70B)
Class com.amazon.ion.impl.bin.IonManagedBinaryWriter$SymbolResolverBuilder            : loaded 2 times (x 68B)
Class org.jetbrains.kotlin.idea.gradleTooling.model.assignment.AssignmentModel        : loaded 2 times (x 68B)
Class com.android.build.api.artifact.Artifact$Replaceable                             : loaded 2 times (x 68B)
Class com.android.builder.model.v2.models.VariantDependencies                         : loaded 2 times (x 68B)
Class com.android.tools.analytics.CommonMetricsData$GarbageCollectionStatsDiffs       : loaded 2 times (x 69B)
Class kotlin.sequences.SequencesKt___SequencesKt$filterNotNull$1                      : loaded 2 times (x 76B)
Class com.android.build.gradle.internal.services.RunOnceBuildServiceImpl$RegistrationAction: loaded 2 times (x 71B)
Class org.jetbrains.plugins.gradle.tooling.serialization.ExternalProjectSerializationService: loaded 2 times (x 75B)
Class org.gradle.internal.installation.CurrentGradleInstallation                      : loaded 2 times (x 71B)
Class com.android.build.gradle.internal.dsl.BundleOptions$AgpDecorated                : loaded 2 times (x 123B)
Class org.gradle.internal.agents.InstrumentingClassLoader                             : loaded 2 times (x 68B)
Class org.gradle.internal.installation.CurrentGradleInstallationLocator               : loaded 2 times (x 69B)
Class com.android.build.api.artifact.impl.SingleArtifactContainer$initArtifactContainer$1: loaded 2 times (x 77B)
Class kotlin.jvm.internal.markers.KMutableList                                        : loaded 2 times (x 68B)
Class com.amazon.ion.impl.LocalSymbolTableAsStruct                                    : loaded 2 times (x 124B)
Class com.amazon.ion.impl.lite.IonClobLite                                            : loaded 2 times (x 218B)
Class kotlin.collections.CollectionsKt__IteratorsJVMKt                                : loaded 2 times (x 69B)
Class org.gradle.api.internal.classpath.Module                                        : loaded 2 times (x 68B)
Class com.google.protobuf.Internal$IntList                                            : loaded 2 times (x 68B)
Class com.android.build.gradle.internal.core.dsl.TestedVariantDslInfo                 : loaded 2 times (x 68B)
Class sync_studio_tooling9_1877vn8n2vul8wybkd2jkbaou$_run_closure1                    : loaded 2 times (x 137B)
Class com.android.build.gradle.internal.core.SettingsOptions                          : loaded 2 times (x 70B)
Class [Lcom.amazon.ion.impl.bin.IonRawBinaryWriter$PreallocationMode;                 : loaded 2 times (x 67B)
Class com.amazon.ion.impl.bin.AbstractSymbolTable                                     : loaded 2 times (x 105B)
Class org.jetbrains.plugins.gradle.model.GradleBuildScriptClasspathModel              : loaded 2 times (x 68B)
Class kotlin.sequences.FilteringSequence                                              : loaded 2 times (x 73B)
Class com.google.common.collect.ImmutableSortedSet                                    : loaded 2 times (x 234B)
Class com.android.build.gradle.internal.variant.VariantModel                          : loaded 2 times (x 68B)
Class com.android.build.gradle.internal.services.GlobalServiceRegistrationAction$execute$1: loaded 2 times (x 73B)
Class org.jetbrains.plugins.gradle.tooling.serialization.ProjectDependenciesSerializationService$ReadContext: loaded 2 times (x 70B)
Class com.android.build.gradle.ProguardFiles                                          : loaded 2 times (x 69B)
Class com.android.build.gradle.internal.dsl.ProductFlavorFactory                      : loaded 2 times (x 75B)
Class com.android.build.gradle.internal.dsl.ViewBindingOptionsImpl                    : loaded 2 times (x 82B)
Class com.android.build.gradle.internal.ide.dependencies.LibraryDependencyCacheBuildService$RegistrationAction: loaded 2 times (x 72B)
Class org.jetbrains.plugins.gradle.tooling.serialization.internal.IdeaProjectSerializationService$WriteContext: loaded 2 times (x 70B)
Class com.android.build.gradle.internal.dsl.AnnotationProcessorOptions$AgpDecorated_Decorated: loaded 2 times (x 151B)
Class com.android.build.gradle.internal.model.CoreCmakeOptions                        : loaded 2 times (x 68B)
Class com.android.build.api.variant.HasUnitTest                                       : loaded 2 times (x 68B)
Class org.gradle.tooling.internal.adapter.ViewBuilder                                 : loaded 2 times (x 68B)
Class com.android.build.gradle.internal.profile.ProjectData                           : loaded 2 times (x 70B)
Class com.amazon.ion.impl.lite.IonNullLite                                            : loaded 2 times (x 173B)
Class org.gradle.tooling.internal.adapter.ProtocolToModelAdapter                      : loaded 2 times (x 78B)
Class com.android.build.gradle.internal.dsl.ManagedVirtualDevice                      : loaded 2 times (x 99B)
Class kotlin.sequences.SequencesKt__SequencesKt                                       : loaded 2 times (x 69B)
Class com.android.build.gradle.internal.services.Aapt2ThreadPoolBuildServiceKt        : loaded 2 times (x 69B)
Class com.amazon.ion.impl._Private_RecyclingStack$ElementFactory                      : loaded 2 times (x 68B)
Class kotlin.sequences.SequencesKt__SequencesJVMKt                                    : loaded 2 times (x 69B)
Class com.android.build.api.dsl.BundleLanguage                                        : loaded 2 times (x 68B)
Class com.android.ide.common.gradle.Version                                           : loaded 2 times (x 73B)
Class [Lcom.amazon.ion.IonType;                                                       : loaded 2 times (x 67B)
Class com.google.gson.internal.bind.DateTypeAdapter                                   : loaded 2 times (x 72B)
Class org.gradle.tooling.internal.adapter.WeakIdentityHashMap$WeakKey                 : loaded 2 times (x 77B)
Class com.android.tools.analytics.AnalyticsPaths                                      : loaded 2 times (x 69B)
Class com.android.build.gradle.internal.res.Aapt2FromMaven$Companion$Aapt2Version     : loaded 2 times (x 69B)
Class com.android.build.gradle.internal.dsl.PrivacySandboxImpl$AgpDecorated_Decorated : loaded 2 times (x 128B)
Class com.android.build.gradle.options.ProjectOptionService$Params_Decorated          : loaded 2 times (x 132B)
Class com.amazon.ion.UnknownSymbolException                                           : loaded 2 times (x 84B)
Class [Lorg.objectweb.asm.AnnotationWriter;                                           : loaded 2 times (x 67B)
Class com.android.build.gradle.TestedExtension                                        : loaded 2 times (x 217B)
Class com.amazon.ion.BufferConfiguration                                              : loaded 2 times (x 71B)
Class org.gradle.internal.service.CachingServiceLocator                               : loaded 2 times (x 80B)
Class com.android.build.api.artifact.Artifact$Category                                : loaded 2 times (x 77B)
Class com.amazon.ion.IonSystem                                                        : loaded 2 times (x 68B)
Class com.android.build.gradle.internal.dsl.JavaCompileOptions$AgpDecorated_Decorated : loaded 2 times (x 132B)
Class com.android.build.gradle.internal.dsl.decorator.DslDecorator$findAbstractProperties$1$2: loaded 2 times (x 76B)
Class kotlin.NoWhenBranchMatchedException                                             : loaded 2 times (x 80B)
Class com.android.build.gradle.internal.dsl.BundleOptionsAbi$AgpDecorated_Decorated   : loaded 2 times (x 127B)
Class com.android.build.gradle.internal.api.LazyAndroidSourceSet                      : loaded 2 times (x 70B)
Class com.android.build.gradle.internal.dsl.decorator.DslDecorator$findAbstractProperties$1$3: loaded 2 times (x 76B)
Class com.android.build.gradle.internal.dsl.BundleOptionsCodeTransparency$AgpDecorated: loaded 2 times (x 79B)
Class com.android.build.gradle.internal.DefaultConfigData                             : loaded 2 times (x 70B)
Class [Lcom.android.build.gradle.options.OptionalBooleanOption;                       : loaded 2 times (x 67B)
Class org.gradle.internal.time.Timer                                                  : loaded 2 times (x 68B)
Class com.android.build.gradle.internal.api.artifact.SourceArtifactType$BASELINE_PROFILES: loaded 2 times (x 72B)
Class com.android.build.gradle.internal.dsl.ExternalNativeBuildOptions                : loaded 2 times (x 91B)
Class com.android.builder.model.v2.ide.ArtifactDependenciesAdjacencyList              : loaded 2 times (x 68B)
Class com.android.build.api.artifact.impl.ArtifactNamingContext                       : loaded 2 times (x 70B)
Class com.android.build.gradle.internal.dsl.BundleOptionsDeviceTier$AgpDecorated_Decorated: loaded 2 times (x 132B)
Class com.android.build.gradle.internal.dsl.AbstractPublishing                        : loaded 2 times (x 71B)
Class org.jetbrains.plugins.gradle.model.tests.ExternalTestsModel                     : loaded 2 times (x 68B)
Class org.jetbrains.kotlin.idea.gradleTooling.KotlinDslScriptAdditionalTask           : loaded 2 times (x 68B)
Class kotlin.text.StringsKt__StringBuilderKt                                          : loaded 2 times (x 69B)
Class org.jetbrains.plugins.gradle.tooling.util.ObjectCollector                       : loaded 2 times (x 70B)
Class kotlin.sequences.FilteringSequence$iterator$1                                   : loaded 2 times (x 77B)
Class [Lcom.android.repository.Revision$Precision;                                    : loaded 2 times (x 67B)
Class com.android.build.gradle.internal.component.VariantCreationConfig               : loaded 2 times (x 68B)
Class com.android.SdkConstants                                                        : loaded 2 times (x 69B)
Class org.gradle.internal.classpath.DefaultClassPath                                  : loaded 2 times (x 88B)
Class com.google.protobuf.ProtocolStringList                                          : loaded 2 times (x 68B)
Class com.google.gson.JsonObject                                                      : loaded 2 times (x 91B)
Class com.android.build.gradle.api.AndroidBasePlugin                                  : loaded 2 times (x 72B)
Class com.android.build.gradle.api.BaseVariant                                        : loaded 2 times (x 68B)
Class com.android.builder.model.ClassField                                            : loaded 2 times (x 68B)
Class com.android.build.gradle.internal.api.DefaultAndroidSourceSet_Decorated         : loaded 2 times (x 278B)
Class com.android.build.gradle.internal.profile.NoOpAnalyticsService$RegistrationAction: loaded 2 times (x 72B)
Class com.android.build.api.variant.GeneratesApk                                      : loaded 2 times (x 68B)
Class com.android.build.gradle.options.ApiStage$Deprecated                            : loaded 2 times (x 70B)
Class kotlin.sequences.FlatteningSequence                                             : loaded 2 times (x 73B)
Class com.android.build.api.dsl.AaptOptions                                           : loaded 2 times (x 68B)
Class kotlin.Result                                                                   : loaded 2 times (x 70B)
Class com.android.build.gradle.internal.dsl.KeepRulesImpl                             : loaded 2 times (x 82B)
Class org.gradle.internal.impldep.gnu.trove.TObjectHash$NULL                          : loaded 2 times (x 69B)
Class org.gradle.internal.impldep.gnu.trove.THash                                     : loaded 2 times (x 79B)
Class com.android.Version                                                             : loaded 2 times (x 69B)
Class com.intellij.gradle.toolingExtension.impl.model.dependencyDownloadPolicyModel.DefaultGradleDependencyDownloadPolicy: loaded 2 times (x 75B)
Class kotlin.collections.CollectionsKt__CollectionsJVMKt                              : loaded 2 times (x 69B)
Class com.android.build.gradle.internal.plugins.BasePlugin$buildOutputs$2             : loaded 2 times (x 77B)
Class com.amazon.ion.impl.bin.utf8.Pool$Allocator                                     : loaded 2 times (x 68B)
Class org.jetbrains.plugins.gradle.tooling.serialization.GradleExtensionsSerializationService$ReadContext: loaded 2 times (x 70B)
Class kotlin.sequences.SequencesKt___SequencesKt                                      : loaded 2 times (x 69B)
Class com.google.protobuf.ExtensionRegistryLite                                       : loaded 2 times (x 72B)
Class org.jetbrains.plugins.gradle.tooling.serialization.internal.IdeaProjectSerializationService: loaded 2 times (x 75B)
Class com.android.build.api.dsl.PrivacySandbox                                        : loaded 2 times (x 68B)
Class com.android.build.gradle.internal.services.VersionedSdkLoaderService$versionedSdkLoader$2$1: loaded 2 times (x 73B)
Class com.android.build.gradle.internal.dependency.JacocoInstrumentationService$RegistrationAction: loaded 2 times (x 72B)
Class com.android.build.gradle.options.ApiStage$Stable                                : loaded 2 times (x 70B)
Class com.android.build.gradle.internal.dsl.SdkComponentsImpl$adb$1                   : loaded 2 times (x 73B)
Class com.google.protobuf.MessageLite$Builder                                         : loaded 2 times (x 68B)
Class org.gradle.internal.impldep.gnu.trove.TObjectIntHashMap                         : loaded 2 times (x 107B)
Class org.gradle.tooling.model.idea.IdeaProject                                       : loaded 2 times (x 68B)
Class com.android.build.api.dsl.VariantDimension                                      : loaded 2 times (x 68B)
Class com.amazon.ion.impl.SymbolTableAsStruct                                         : loaded 2 times (x 68B)
Class com.android.build.gradle.internal.dsl.PostProcessingBlock                       : loaded 2 times (x 118B)
Class kotlin.jvm.internal.Ref$BooleanRef                                              : loaded 2 times (x 69B)
Class com.android.build.api.dsl.ApplicationAndroidResources                           : loaded 2 times (x 68B)
Class com.android.builder.model.v2.ide.ProjectInfo                                    : loaded 2 times (x 68B)
Class [Lcom.android.build.api.artifact.Artifact$Category;                             : loaded 2 times (x 67B)
Class com.android.build.gradle.internal.dsl.ApplicationExtensionImpl                  : loaded 2 times (x 372B)
Class org.gradle.tooling.model.Element                                                : loaded 2 times (x 68B)
Class com.android.build.gradle.internal.core.ToolExecutionOptions                     : loaded 2 times (x 70B)
Class com.android.builder.model.v2.ide.PrivacySandboxSdkInfo                          : loaded 2 times (x 68B)
Class kotlin.sequences.FlatteningSequence$iterator$1                                  : loaded 2 times (x 77B)
Class com.android.build.gradle.internal.dsl.decorator.DslDecorator                    : loaded 2 times (x 70B)
Class [Lcom.amazon.ion.impl.bin.IonManagedBinaryWriter$SymbolState;                   : loaded 2 times (x 67B)
Class jdk.internal.jimage.BasicImageReader                                            : loaded 2 times (x 93B)
Class com.android.build.api.variant.Aidl                                              : loaded 2 times (x 68B)
Class com.android.build.api.instrumentation.manageddevice.ManagedDeviceRegistry       : loaded 2 times (x 68B)
Class kotlin.collections.SetsKt__SetsJVMKt                                            : loaded 2 times (x 69B)
Class com.android.build.gradle.internal.ProguardFilesProvider                         : loaded 2 times (x 68B)
Class com.android.build.gradle.internal.services.AndroidLocationsBuildService$AndroidDirectoryCreator: loaded 2 times (x 78B)
Class com.amazon.ion.IonLob                                                           : loaded 2 times (x 68B)
Class kotlin.collections.MapsKt___MapsJvmKt                                           : loaded 2 times (x 69B)
Class com.android.build.gradle.internal.plugins.KotlinMultiplatformAndroidPlugin      : loaded 2 times (x 79B)
Class com.android.build.gradle.internal.dsl.SdkComponentsImpl$ndkDirectory$2          : loaded 2 times (x 77B)
Class com.android.build.gradle.internal.plugins.BasePlugin$globalConfig$2$1           : loaded 2 times (x 77B)
Class com.amazon.ion.impl.lite.IonContainerLite                                       : loaded 2 times (x 245B)
Class sync_studio_tooling9_1877vn8n2vul8wybkd2jkbaou                                  : loaded 2 times (x 177B)
Class com.android.build.gradle.internal.dsl.BundleOptionsAbi$AgpDecorated             : loaded 2 times (x 79B)
Class com.android.build.gradle.internal.services.LintClassLoaderBuildService$RegistrationAction: loaded 2 times (x 72B)
Class com.amazon.ion.impl.bin._Private_IonManagedBinaryWriterBuilder$AllocatorMode$1  : loaded 2 times (x 78B)
Class com.android.ide.common.gradle.Version$Companion$ParseState$EMPTY                : loaded 2 times (x 72B)
Class com.amazon.ion.impl.bin._Private_IonManagedBinaryWriterBuilder$AllocatorMode$2  : loaded 2 times (x 78B)
Class com.android.sdklib.AndroidVersion                                               : loaded 2 times (x 73B)
Class org.gradle.internal.impldep.gnu.trove.TObjectHash                               : loaded 2 times (x 92B)
Class com.google.protobuf.CodedInputStream$ArrayDecoder                               : loaded 2 times (x 118B)
Class com.google.common.collect.ImmutableMultisetGwtSerializationDependencies         : loaded 2 times (x 123B)
Class settings_dh3hw0nlujkcnwr9o1n6b55e2$_run_closure1                                : loaded 2 times (x 137B)
Class [Lcom.amazon.ion.impl.bin.IonRawBinaryWriter$StreamFlushMode;                   : loaded 2 times (x 67B)
Class com.android.build.gradle.internal.crash.CrashReporting$afterEvaluate$1          : loaded 2 times (x 73B)
Class com.android.build.gradle.internal.plugins.BasePlugin$createAndroidJdkImageConfiguration$1: loaded 2 times (x 72B)
Class com.google.common.util.concurrent.DirectExecutor                                : loaded 2 times (x 80B)
Class com.intellij.openapi.externalSystem.model.project.dependencies.ProjectDependencies: loaded 2 times (x 68B)
Class com.intellij.gradle.toolingExtension.util.GradleVersionUtil                     : loaded 2 times (x 69B)
Class com.android.build.gradle.internal.tasks.AndroidGlobalTask                       : loaded 2 times (x 316B)
Class com.google.common.collect.ImmutableListMultimap                                 : loaded 2 times (x 174B)
Class kotlin.enums.EnumEntriesList                                                    : loaded 2 times (x 183B)
Class com.android.build.gradle.internal.tasks.ExtractProguardFiles$CreationAction$handleProvider$1: loaded 2 times (x 125B)
Class Build_gradle$1                                                                  : loaded 2 times (x 76B)
Class kotlin.ranges.IntProgressionIterator                                            : loaded 2 times (x 80B)
Class [Lorg.gradle.api.JavaVersion;                                                   : loaded 2 times (x 67B)
Class com.android.build.gradle.internal.lint.AndroidLintInputs                        : loaded 2 times (x 69B)
Class org.jetbrains.kotlin.idea.gradleTooling.PrepareKotlinIdeImportTaskModel         : loaded 2 times (x 68B)
Class jdk.internal.jimage.ImageLocation                                               : loaded 2 times (x 88B)
Class com.android.build.gradle.internal.dsl.LibraryPublishingImpl                     : loaded 2 times (x 84B)
Class com.android.build.gradle.api.AndroidSourceSet                                   : loaded 2 times (x 68B)
Class com.android.build.gradle.internal.services.GlobalServiceRegistrationAction      : loaded 2 times (x 71B)
Class com.android.build.gradle.internal.tasks.factory.BootClasspathConfigImpl$bootClasspath$2: loaded 2 times (x 77B)
Class com.amazon.ion.impl.bin.IonRawBinaryWriter$PreallocationMode                    : loaded 2 times (x 80B)
Class com.android.build.gradle.internal.dsl.ShaderOptions_Decorated                   : loaded 2 times (x 133B)
Class [Lcom.android.prefs.VariableType;                                               : loaded 2 times (x 67B)
Class com.google.common.collect.Lists$RandomAccessReverseList                         : loaded 2 times (x 160B)
Class kotlin.jvm.functions.Function0                                                  : loaded 2 times (x 68B)
Class org.gradle.tooling.internal.adapter.TargetTypeProvider                          : loaded 2 times (x 68B)
Class com.amazon.ion.impl.bin.IonManagedBinaryWriter$ImportedSymbolContext            : loaded 2 times (x 70B)
Class org.gradle.internal.impldep.com.google.common.base.Preconditions                : loaded 2 times (x 69B)
Class kotlin.jvm.functions.Function1                                                  : loaded 2 times (x 68B)
Class org.jetbrains.kotlin.idea.gradleTooling.AndroidAwareGradleModelProvider         : loaded 2 times (x 78B)
Class kotlin.jvm.functions.Function2                                                  : loaded 2 times (x 68B)
Class com.android.build.gradle.internal.services.VariantBuilderServicesImpl           : loaded 2 times (x 87B)
Class com.google.common.collect.RegularImmutableSortedSet                             : loaded 2 times (x 234B)
Class com.android.build.gradle.api.UnitTestVariant                                    : loaded 2 times (x 68B)
Class com.android.build.gradle.internal.utils.GradlePluginUtils$enforceMinimumVersionsOfPlugins$1: loaded 2 times (x 73B)
Class kotlin.jvm.functions.Function4                                                  : loaded 2 times (x 68B)
Class com.android.build.gradle.internal.dsl.NdkOptions                                : loaded 2 times (x 114B)
Class com.android.build.gradle.internal.AvdComponentsBuildService$Parameters_Decorated: loaded 2 times (x 153B)
Class jdk.internal.jimage.ImageReader$Node                                            : loaded 2 times (x 82B)
Class com.android.build.gradle.internal.dsl.decorator.SupportedPropertyType$Var$Int   : loaded 2 times (x 72B)
Class com.google.gson.internal.bind.NumberTypeAdapter                                 : loaded 2 times (x 72B)
Class com.google.gson.ToNumberPolicy                                                  : loaded 2 times (x 81B)
Class com.android.build.gradle.internal.SdkComponentsBuildService$RegistrationAction  : loaded 2 times (x 72B)
Class com.amazon.ion.IonText                                                          : loaded 2 times (x 68B)
Class com.android.build.gradle.api.AndroidArtifactVariant                             : loaded 2 times (x 68B)
Class com.android.build.gradle.internal.dependency.SourceSetManager                   : loaded 2 times (x 70B)
Class com.android.build.gradle.internal.dsl.InternalApplicationExtension              : loaded 2 times (x 68B)
Class com.android.builder.model.v2.ide.Variant                                        : loaded 2 times (x 68B)
Class com.android.build.gradle.internal.dsl.KmpOptimizationImpl                       : loaded 2 times (x 81B)
Class com.android.ide.common.signing.KeytoolException                                 : loaded 2 times (x 82B)
Class kotlin.sequences.SequenceBuilderIterator                                        : loaded 2 times (x 83B)
Class [Lkotlin.collections.State;                                                     : loaded 2 times (x 67B)
Class org.jetbrains.plugins.gradle.model.ExternalLibraryDependency                    : loaded 2 times (x 68B)
Class com.android.build.gradle.internal.dsl.ExternalNativeCmakeOptions                : loaded 2 times (x 106B)
Class com.android.build.gradle.internal.plugins.BasePlugin$versionedSdkLoaderService$2$1: loaded 2 times (x 77B)
Class com.android.build.gradle.internal.component.ComponentCreationConfig             : loaded 2 times (x 68B)
Class com.android.build.api.variant.ScopedArtifacts$Scope                             : loaded 2 times (x 77B)
Class org.gradle.internal.time.Time                                                   : loaded 2 times (x 69B)
Class jdk.internal.jimage.decompressor.CompressedResourceHeader                       : loaded 2 times (x 69B)
Class com.android.build.gradle.internal.dsl.BundleOptionsStoreArchive$AgpDecorated    : loaded 2 times (x 79B)
Class com.android.builder.model.DimensionAware                                        : loaded 2 times (x 68B)
Class com.android.prefs.PathLocator$WhenMappings                                      : loaded 2 times (x 69B)
Class com.android.build.gradle.internal.dsl.DependenciesInfoImpl                      : loaded 2 times (x 79B)
Class com.google.protobuf.Reader                                                      : loaded 2 times (x 68B)
Class com.android.builder.model.v2.ide.SourceProvider                                 : loaded 2 times (x 68B)
Class com.android.build.gradle.internal.dsl.DataBindingOptions$AgpDecorated_Decorated : loaded 2 times (x 165B)
Class com.android.build.gradle.internal.coverage.JacocoOptions                        : loaded 2 times (x 83B)
Class com.android.build.gradle.internal.dsl.NdkBuildOptions                           : loaded 2 times (x 90B)
Class com.android.build.gradle.internal.AbstractAppTaskManager                        : loaded 2 times (x 82B)
Class com.android.build.api.dsl.Cmake                                                 : loaded 2 times (x 68B)
Class com.android.build.gradle.options.Option                                         : loaded 2 times (x 68B)
Class com.android.build.gradle.internal.dsl.CoreBuildType                             : loaded 2 times (x 68B)
Class com.google.common.collect.ImmutableSetMultimap                                  : loaded 2 times (x 178B)
Class [Lkotlin.sequences.Sequence;                                                    : loaded 2 times (x 67B)
Class org.gradle.internal.time.TimeSource$1                                           : loaded 2 times (x 75B)
Class com.android.build.gradle.internal.services.VersionedSdkLoaderService$versionedSdkLoader$2: loaded 2 times (x 77B)
Class com.android.build.api.dsl.TestVariantDimension                                  : loaded 2 times (x 68B)
Class [Lkotlin.coroutines.intrinsics.CoroutineSingletons;                             : loaded 2 times (x 67B)
Class com.android.build.gradle.TestedAndroidConfig                                    : loaded 2 times (x 68B)
Class com.google.protobuf.AbstractProtobufList                                        : loaded 2 times (x 189B)
Class com.amazon.ion.IonSequence                                                      : loaded 2 times (x 68B)
Class kotlin.ranges.ClosedRange                                                       : loaded 2 times (x 68B)
Class com.android.builder.model.DataBindingOptions                                    : loaded 2 times (x 68B)
Class org.jetbrains.plugins.gradle.tooling.serialization.RepositoriesModelSerializationService$WriteContext: loaded 2 times (x 70B)
Class kotlin.KotlinNullPointerException                                               : loaded 2 times (x 81B)
Class jdk.internal.jrtfs.JrtPath                                                      : loaded 2 times (x 116B)
Class [Lcom.android.build.gradle.internal.profile.AnalyticsConfiguratorService$State; : loaded 2 times (x 67B)
Class com.google.gson.internal.bind.ObjectTypeAdapter$1                               : loaded 2 times (x 74B)
Class com.android.build.api.variant.HasHostTests                                      : loaded 2 times (x 68B)
Class jdk.internal.jimage.ImageBufferCache$2                                          : loaded 2 times (x 89B)
Class com.google.common.util.concurrent.ListeningScheduledExecutorService             : loaded 2 times (x 68B)
Class com.android.build.gradle.internal.dsl.ComposeOptionsImpl_Decorated              : loaded 2 times (x 134B)
Class com.android.builder.core.ToolsRevisionUtils                                     : loaded 2 times (x 69B)
Class com.android.tools.analytics.HostData$graphicsEnvironment$2                      : loaded 2 times (x 76B)
Class com.android.build.api.dsl.SettingsExtension                                     : loaded 2 times (x 68B)
Class com.android.build.gradle.internal.variant.LegacyVariantInputManager$1           : loaded 2 times (x 73B)
Class com.android.build.gradle.internal.variant.LegacyVariantInputManager$2           : loaded 2 times (x 72B)
Class jdk.internal.jimage.ImageBufferCache$1                                          : loaded 2 times (x 78B)
Class com.android.build.gradle.internal.variant.LegacyVariantInputManager$3           : loaded 2 times (x 73B)
Class com.android.build.api.dsl.ViewBinding                                           : loaded 2 times (x 68B)
Class com.android.build.api.dsl.ResourcesPackaging                                    : loaded 2 times (x 68B)
Class com.android.build.gradle.internal.dsl.decorator.AndroidPluginDslDecoratorKt     : loaded 2 times (x 69B)
Class com.android.build.gradle.internal.plugins.BasePlugin$variantFactory$2           : loaded 2 times (x 77B)
Class jdk.internal.jimage.ImageStrings                                                : loaded 2 times (x 68B)
Class com.android.build.gradle.internal.variant.LegacyVariantInputManager$4           : loaded 2 times (x 72B)
Class com.android.builder.model.VectorDrawablesOptions                                : loaded 2 times (x 68B)
Class [Lcom.android.build.gradle.options.ReplacedOption;                              : loaded 2 times (x 67B)
Class com.android.build.gradle.internal.core.dsl.VariantDslInfo                       : loaded 2 times (x 68B)
Class kotlin.io.NoSuchFileException                                                   : loaded 2 times (x 80B)
Class com.android.build.gradle.internal.variant.LegacyVariantInputManager$5           : loaded 2 times (x 73B)
Class com.amazon.ion.impl.bin.IntList                                                 : loaded 2 times (x 75B)
Class com.amazon.ion.impl._Private_SymbolToken                                        : loaded 2 times (x 68B)
Class kotlin.reflect.KAnnotatedElement                                                : loaded 2 times (x 68B)
Class com.android.build.gradle.internal.tasks.SourceSetsTask$CreationAction           : loaded 2 times (x 89B)
Class com.android.build.gradle.internal.variant.LegacyVariantInputManager$6           : loaded 2 times (x 72B)
Class kotlin.text.CharsKt                                                             : loaded 2 times (x 69B)
Class com.android.build.gradle.internal.api.VariantFilter                             : loaded 2 times (x 78B)
Class com.android.build.gradle.internal.dsl.DependenciesInfoImpl$AgpDecorated         : loaded 2 times (x 82B)
Class com.android.resources.Density                                                   : loaded 2 times (x 90B)
Class com.android.build.api.dsl.BaselineProfile                                       : loaded 2 times (x 68B)
Class [Lcom.android.build.api.variant.ScopedArtifacts$Scope;                          : loaded 2 times (x 67B)
Class com.google.common.base.CaseFormat$StringConverter                               : loaded 2 times (x 88B)
Class com.android.build.gradle.options.OptionParsers                                  : loaded 2 times (x 69B)
Class com.android.ide.gradle.model.composites.BuildMap                                : loaded 2 times (x 68B)
Class kotlin.ranges.RangesKt___RangesKt                                               : loaded 2 times (x 69B)
Class jdk.internal.jrtfs.JrtFileAttributes                                            : loaded 2 times (x 81B)
Class com.android.build.gradle.internal.dsl.PrivacySandboxSdkBundleImpl               : loaded 2 times (x 90B)
Class com.google.protobuf.LazyStringArrayList                                         : loaded 2 times (x 274B)
Class com.android.build.gradle.internal.plugins.AndroidPluginBaseServices$optionService$2: loaded 2 times (x 77B)
Class com.android.ide.gradle.model.LegacyAndroidGradlePluginProperties                : loaded 2 times (x 68B)
Class com.amazon.ion.BufferConfiguration$OversizedValueHandler                        : loaded 2 times (x 68B)
Class kotlin.collections.CollectionsKt___CollectionsKt                                : loaded 2 times (x 69B)
Class com.android.build.gradle.internal.services.FakeDependencyJarBuildService$FakeDependencyJarCreator$Params$Inject: loaded 2 times (x 106B)
Class com.android.builder.testing.api.DeviceProvider                                  : loaded 2 times (x 75B)
Class com.android.builder.internal.StringCachingService                               : loaded 2 times (x 68B)
Class com.google.gson.FieldNamingPolicy                                               : loaded 2 times (x 81B)
Class com.android.build.gradle.internal.core.dsl.ApkProducingComponentDslInfo         : loaded 2 times (x 68B)
Class com.android.build.gradle.internal.plugins.DslContainerProvider                  : loaded 2 times (x 68B)
Class com.android.build.gradle.AppExtension                                           : loaded 2 times (x 217B)
Class com.android.tools.analytics.CommonMetricsData                                   : loaded 2 times (x 69B)
Class com.google.gson.internal.bind.ObjectTypeAdapter                                 : loaded 2 times (x 72B)
Class kotlin.sequences.SequencesKt__SequenceBuilderKt$sequence$$inlined$Sequence$1    : loaded 2 times (x 73B)
Class com.android.build.gradle.internal.BuildTypeData                                 : loaded 2 times (x 70B)
Class com.android.tools.analytics.Environment$SystemProperty                          : loaded 2 times (x 77B)
Class settings_dh3hw0nlujkcnwr9o1n6b55e2                                              : loaded 2 times (x 177B)
Class com.intellij.gradle.toolingExtension.impl.model.taskModel.GradleTaskModel       : loaded 2 times (x 68B)
Class com.android.build.gradle.internal.services.FakeDependencyJarBuildService$FakeDependencyJarCreator$Params: loaded 2 times (x 68B)
Class com.android.build.gradle.internal.dsl.decorator.LockableList                    : loaded 2 times (x 168B)
Class com.android.build.gradle.internal.ClasspathVerifier                             : loaded 2 times (x 69B)
Class org.gradle.tooling.internal.adapter.ProtocolToModelAdapter$MixInMappingAction   : loaded 2 times (x 78B)
Class org.gradle.internal.classloader.SystemClassLoaderSpec                           : loaded 2 times (x 69B)
Class com.android.build.api.dsl.KeepRules                                             : loaded 2 times (x 68B)
Class com.android.build.gradle.options.ProjectOptionService$RegistrationAction        : loaded 2 times (x 72B)
Class com.amazon.ion.impl.bin.utf8.Poolable                                           : loaded 2 times (x 77B)
Class kotlin.jvm.internal.CallableReference$NoReceiver                                : loaded 2 times (x 69B)
Class com.android.build.api.dsl.DependencyVariantSelection                            : loaded 2 times (x 68B)
Class com.google.gson.internal.bind.ReflectiveTypeAdapterFactory$FieldReflectionAdapter: loaded 2 times (x 75B)
Class com.android.build.gradle.internal.dsl.BundleOptionsLanguage$AgpDecorated        : loaded 2 times (x 79B)
Class com.android.build.gradle.internal.lint.LintFixBuildService                      : loaded 2 times (x 73B)
Class com.android.build.gradle.internal.dsl.ResourcesPackagingImpl                    : loaded 2 times (x 80B)
Class com.amazon.ion.impl.bin.AbstractIonWriter                                       : loaded 2 times (x 159B)
Class com.android.build.gradle.internal.services.FakeDependencyJarBuildService$FakeDependencyJarCreator$Inject: loaded 2 times (x 109B)
Class com.android.build.gradle.internal.errors.DeprecationReporterImpl                : loaded 2 times (x 80B)
Class org.jetbrains.plugins.gradle.tooling.serialization.AnnotationProcessingModelSerializationService$ReadContext: loaded 2 times (x 70B)
Class com.android.build.gradle.internal.services.VariantServicesImpl                  : loaded 2 times (x 118B)
Class [Lcom.android.build.gradle.options.BooleanOption;                               : loaded 2 times (x 67B)
Class com.android.builder.model.v2.ide.Library                                        : loaded 2 times (x 68B)
Class com.android.build.gradle.internal.dsl.decorator.SupportedPropertyType$Collection$Map: loaded 2 times (x 72B)
Class com.android.build.gradle.internal.dsl.DataBindingOptions                        : loaded 2 times (x 106B)
Class com.android.build.gradle.AssetPackPluginKt                                      : loaded 2 times (x 69B)
Class com.android.build.gradle.internal.dsl.PrivacySandboxSdkExtensionImpl            : loaded 2 times (x 122B)
Class com.android.build.gradle.internal.dsl.AndroidSourceSetFactory                   : loaded 2 times (x 75B)
Class com.android.build.api.dsl.Installation                                          : loaded 2 times (x 68B)
Class com.amazon.ion.impl.bin.IonBinaryWriterAdapter$Factory                          : loaded 2 times (x 68B)
Class com.android.build.gradle.internal.dsl.PrivacySandboxKeepRulesImpl               : loaded 2 times (x 86B)
Class com.google.protobuf.Message                                                     : loaded 2 times (x 68B)
Class org.jetbrains.plugins.gradle.model.IntelliJSettings                             : loaded 2 times (x 68B)
Class com.android.build.gradle.internal.services.RunOnceBuildServiceImpl$ActionName   : loaded 2 times (x 70B)
Class com.android.repository.Revision$Precision                                       : loaded 2 times (x 77B)
Class com.android.build.api.dsl.TestFixtures                                          : loaded 2 times (x 68B)
Class com.amazon.ion.impl.lite.IonStructLite                                          : loaded 2 times (x 295B)
Class com.amazon.ion.system.IonWriterBuilderBase                                      : loaded 2 times (x 81B)
Class org.jetbrains.plugins.gradle.tooling.serialization.RepositoriesModelSerializationService: loaded 2 times (x 80B)
Class com.android.builder.signing.DefaultSigningConfig                                : loaded 2 times (x 107B)
Class com.android.build.gradle.internal.ide.dependencies.MavenCoordinatesCacheBuildService: loaded 2 times (x 78B)
Class org.jetbrains.plugins.gradle.tooling.serialization.ProjectDependenciesSerializationService: loaded 2 times (x 75B)
Class org.gradle.tooling.internal.adapter.WeakIdentityHashMap$AbsentValueProvider     : loaded 2 times (x 68B)
Class com.android.builder.core.AbstractBuildType                                      : loaded 2 times (x 151B)
Class com.android.builder.model.v2.ide.BytecodeTransformation                         : loaded 2 times (x 77B)
Class org.gradle.tooling.model.Dependency                                             : loaded 2 times (x 68B)
Class com.android.build.gradle.internal.ide.v2.ModelBuilder$Companion                 : loaded 2 times (x 69B)
Class com.android.build.api.dsl.FusedLibraryExtension                                 : loaded 2 times (x 68B)
Class com.android.builder.model.v2.models.ndk.NativeModule                            : loaded 2 times (x 68B)
Class kotlin.io.FileAlreadyExistsException                                            : loaded 2 times (x 80B)
Class com.android.build.gradle.internal.services.FakeDependencyJarBuildService$Params$Inject: loaded 2 times (x 104B)
Class com.android.build.gradle.internal.dsl.AaptOptions                               : loaded 2 times (x 118B)
Class com.amazon.ion.impl.bin.IonRawBinaryWriter$1                                    : loaded 2 times (x 75B)
Class org.jetbrains.plugins.gradle.tooling.serialization.AnnotationProcessingModelSerializationService: loaded 2 times (x 75B)
Class com.amazon.ion.impl.IonWriterSystemTextMarkup                                   : loaded 2 times (x 190B)
Class org.gradle.tooling.internal.adapter.ProtocolToModelAdapter$1                    : loaded 2 times (x 73B)
Class com.android.build.api.dsl.BundleAbi                                             : loaded 2 times (x 68B)
Class com.android.builder.errors.EvalIssueException                                   : loaded 2 times (x 80B)
Class com.android.builder.model.LintOptions                                           : loaded 2 times (x 68B)
Class com.android.build.gradle.internal.res.Aapt2FromMaven$Companion$Aapt2Extractor$Inject1: loaded 2 times (x 107B)
Class com.amazon.ion.IonFloat                                                         : loaded 2 times (x 68B)
Class com.android.build.gradle.internal.dsl.DependencyVariantSelectionImpl            : loaded 2 times (x 76B)
Class com.android.builder.model.v2.ide.ComponentInfo                                  : loaded 2 times (x 68B)
Class com.amazon.ion.impl.bin.IonManagedBinaryWriter$ImportedSymbolResolverMode$1     : loaded 2 times (x 78B)
Class com.android.build.api.artifact.impl.StorageProviderImpl                         : loaded 2 times (x 70B)
Class com.amazon.ion.impl.bin.IonManagedBinaryWriter$ImportedSymbolResolverMode$2     : loaded 2 times (x 78B)
Class com.android.build.gradle.internal.tasks.factory.GlobalTaskCreationConfigImpl$platformAttrs$2: loaded 2 times (x 77B)
Class com.amazon.ion.facet.Faceted                                                    : loaded 2 times (x 68B)
Class jdk.internal.jimage.decompressor.ResourceDecompressorRepository                 : loaded 2 times (x 69B)
Class com.android.build.api.dsl.NdkBuildFlags                                         : loaded 2 times (x 68B)
Class com.android.build.api.dsl.LibraryPublishing                                     : loaded 2 times (x 68B)
Class com.amazon.ion.impl.bin.IonRawBinaryWriter$ContainerType                        : loaded 2 times (x 77B)
Class com.android.build.api.dsl.JacocoOptions                                         : loaded 2 times (x 68B)
Class com.google.gson.internal.bind.NumberTypeAdapter$1                               : loaded 2 times (x 74B)
Class com.google.gson.ToNumberPolicy$1                                                : loaded 2 times (x 81B)
Class com.google.common.collect.Range                                                 : loaded 2 times (x 85B)
Class com.google.gson.ToNumberPolicy$2                                                : loaded 2 times (x 81B)
Class com.android.build.api.dsl.BundleDensity                                         : loaded 2 times (x 68B)
Class com.android.build.api.dsl.DynamicFeatureBuildType                               : loaded 2 times (x 68B)
Class com.android.build.gradle.internal.ide.dependencies.MavenCoordinatesCacheBuildService$Parameters: loaded 2 times (x 68B)
Class com.google.gson.ToNumberPolicy$3                                                : loaded 2 times (x 81B)
Class kotlin.collections.SetsKt                                                       : loaded 2 times (x 69B)
Class kotlin.jvm.internal.FunctionBase                                                : loaded 2 times (x 68B)
Class com.google.gson.internal.LazilyParsedNumber                                     : loaded 2 times (x 76B)
Class com.google.gson.ToNumberPolicy$4                                                : loaded 2 times (x 81B)
Class com.android.build.api.variant.ApplicationAndroidComponentsExtension             : loaded 2 times (x 68B)
Class com.android.build.gradle.internal.ManagedDeviceUtilsKt$getManagedDeviceAvdFolder$1: loaded 2 times (x 73B)
Class com.android.build.gradle.internal.utils.AnalyticsSettingsUtils$analyticsEnabledProvider$1: loaded 2 times (x 72B)
Class com.amazon.ion.impl.BlockedBuffer$BufferedOutputStream                          : loaded 2 times (x 88B)
Class com.android.build.gradle.internal.core.dsl.MultiVariantComponentDslInfo         : loaded 2 times (x 68B)
Class com.android.builder.model.v2.models.AndroidDsl                                  : loaded 2 times (x 68B)
Class com.intellij.gradle.toolingExtension.impl.model.buildScriptClasspathModel.GradleBuildScriptClasspathSerializationService$WriteContext: loaded 2 times (x 70B)
Class kotlin.text.MatcherMatchResult                                                  : loaded 2 times (x 78B)
Class kotlin.text.StringsKt__AppendableKt                                             : loaded 2 times (x 69B)
Class com.google.gson.internal.bind.ReflectiveTypeAdapterFactory$RecordAdapter        : loaded 2 times (x 75B)
Class com.amazon.ion.impl.bin.IonManagedBinaryWriter$SymbolResolver                   : loaded 2 times (x 68B)
Class kotlin.Function                                                                 : loaded 2 times (x 68B)
Class com.android.build.gradle.internal.profile.AnalyticsResourceManager              : loaded 2 times (x 70B)
Class com.amazon.ion.impl._Private_ReaderWriter                                       : loaded 2 times (x 68B)
Class com.android.build.gradle.internal.tasks.SourceSetsTask                          : loaded 2 times (x 330B)
Class com.android.build.gradle.internal.dsl.PackagingOptions$AgpDecorated_Decorated   : loaded 2 times (x 164B)
Class com.android.build.gradle.internal.dsl.decorator.LockableSet$LockableIterator    : loaded 2 times (x 79B)
Class com.google.common.collect.ImmutableMap$SerializedForm                           : loaded 2 times (x 71B)
Class com.android.build.gradle.LibraryPlugin                                          : loaded 2 times (x 74B)
Class com.android.builder.model.v2.ide.AaptOptions                                    : loaded 2 times (x 68B)
Class com.android.build.api.dsl.EmulatorSnapshots                                     : loaded 2 times (x 68B)
Class [Lcom.android.build.gradle.internal.dsl.decorator.SupportedPropertyType;        : loaded 2 times (x 67B)
Class com.android.build.gradle.internal.errors.DeprecationReporter$DeprecationTarget  : loaded 2 times (x 77B)
Class com.android.build.api.dsl.ApplicationBuildType                                  : loaded 2 times (x 68B)
Class com.android.build.api.dsl.KmpOptimization                                       : loaded 2 times (x 68B)
Class com.android.build.gradle.internal.ide.v2.NativeModelBuilder$configurationModels$2: loaded 2 times (x 77B)
Class com.android.build.gradle.internal.dsl.VectorDrawablesOptions_Decorated          : loaded 2 times (x 134B)
Class com.amazon.ion.impl.bin.utf8.Utf8StringEncoderPool                              : loaded 2 times (x 72B)
Class org.jetbrains.plugins.gradle.tooling.util.ObjectCollector$Processor             : loaded 2 times (x 68B)
Class com.google.common.collect.ImmutableList$SerializedForm                          : loaded 2 times (x 71B)
Class com.android.build.gradle.internal.dsl.ExternalNativeBuild$AgpDecorated          : loaded 2 times (x 94B)
Class com.android.build.gradle.internal.profile.NoOpAnalyticsService                  : loaded 2 times (x 108B)
Class com.amazon.ion.IonNull                                                          : loaded 2 times (x 68B)
Class org.jetbrains.plugins.gradle.model.ExternalProject                              : loaded 2 times (x 68B)
Class com.android.build.gradle.internal.dsl.BundleOptionsLanguage                     : loaded 2 times (x 75B)
Class com.android.build.gradle.internal.BadPluginException                            : loaded 2 times (x 80B)
Class com.intellij.openapi.externalSystem.model.project.IExternalSystemSourceType     : loaded 2 times (x 68B)
Class com.google.gson.internal.Excluder                                               : loaded 2 times (x 73B)
Class com.amazon.ion.impl.lite.IonTextLite                                            : loaded 2 times (x 179B)
Class com.android.build.gradle.internal.dsl.BundleOptionsCodeTransparency$AgpDecorated_Decorated: loaded 2 times (x 127B)
Class com.android.build.gradle.internal.dsl.BundleOptionsCountrySet$AgpDecorated      : loaded 2 times (x 83B)
Class com.android.build.gradle.internal.CompileOptions$AgpDecorated                   : loaded 2 times (x 95B)
Class com.google.wireless.android.sdk.stats.GradleBuildVariant$VariantType$1          : loaded 2 times (x 74B)
Class kotlin.coroutines.jvm.internal.RestrictedContinuationImpl                       : loaded 2 times (x 85B)
Class kotlin.io.FilesKt__FileReadWriteKt                                              : loaded 2 times (x 69B)
Class com.android.build.gradle.options.OptionalBooleanOption                          : loaded 2 times (x 84B)
Class com.android.build.gradle.options.ProjectOptionService                           : loaded 2 times (x 75B)
Class com.android.build.gradle.internal.api.artifact.SourceArtifactType$JNI_LIBS      : loaded 2 times (x 72B)
Class com.android.tools.analytics.HostData$threadBean$2                               : loaded 2 times (x 76B)
Class com.android.ide.gradle.model.GradlePropertiesModel                              : loaded 2 times (x 68B)
Class org.gradle.tooling.model.gradle.GradleScript                                    : loaded 2 times (x 68B)
Class [Lcom.android.builder.model.v2.ide.AndroidGradlePluginProjectFlags$BooleanFlag; : loaded 2 times (x 67B)
Class com.amazon.ion.SubstituteSymbolTableException                                   : loaded 2 times (x 82B)
Class com.android.build.gradle.internal.tasks.factory.GlobalTaskCreationAction        : loaded 2 times (x 88B)
Class com.android.build.gradle.internal.tasks.DeviceSerialTestTask                    : loaded 2 times (x 311B)
Class com.android.build.gradle.internal.dsl.AndroidTestImpl$AgpDecorated              : loaded 2 times (x 78B)
Class com.google.gson.internal.sql.SqlTimestampTypeAdapter                            : loaded 2 times (x 74B)
Class com.google.common.base.ExtraObjectsMethodsForWeb                                : loaded 2 times (x 69B)
Class com.android.build.gradle.internal.DependencyResolutionChecks                    : loaded 2 times (x 69B)
Class com.android.build.gradle.options.ProjectOptionService$Params                    : loaded 2 times (x 68B)
Class sync_studio_tooling6_3mstqlimqrx2qgt44b8dx8uz1                                  : loaded 2 times (x 177B)
Class com.android.ide.gradle.model.artifacts.AdditionalClassifierArtifactsModel       : loaded 2 times (x 68B)
Class com.android.build.api.variant.HasDeviceTests                                    : loaded 2 times (x 68B)
Class com.android.build.api.artifact.impl.ArtifactsImpl$1                             : loaded 2 times (x 76B)
Class com.android.build.gradle.internal.plugins.BasePlugin$taskManagerConfig$2        : loaded 2 times (x 77B)
Class com.android.build.api.variant.AndroidComponents                                 : loaded 2 times (x 68B)
Class com.android.build.gradle.api.VersionedVariant                                   : loaded 2 times (x 68B)
Class com.android.build.gradle.internal.dsl.ManagedDevices_Decorated                  : loaded 2 times (x 128B)
Class com.android.build.api.variant.CanMinifyCodeBuilder                              : loaded 2 times (x 68B)
Class com.android.build.gradle.internal.tasks.GlobalTask                              : loaded 2 times (x 68B)
Class org.gradle.tooling.internal.adapter.ProtocolToModelAdapter$ViewKey              : loaded 2 times (x 70B)
Class com.google.gson.JsonParseException                                              : loaded 2 times (x 80B)
Class com.android.build.gradle.internal.dsl.FusedLibraryExtensionImpl                 : loaded 2 times (x 84B)
Class com.android.build.gradle.internal.dsl.EmulatorControl                           : loaded 2 times (x 82B)
Class [Lcom.google.gson.LongSerializationPolicy;                                      : loaded 2 times (x 67B)
Class com.android.build.gradle.internal.services.DslServicesImpl                      : loaded 2 times (x 97B)
Class jdk.internal.jimage.decompressor.ResourceDecompressor$StringsProvider           : loaded 2 times (x 68B)
Class com.android.build.gradle.internal.services.FakeDependencyJarBuildService$Params : loaded 2 times (x 68B)
Class com.google.wireless.android.sdk.stats.GarbageCollectionStatsOrBuilder           : loaded 2 times (x 68B)
Class com.google.wireless.android.sdk.stats.GradleBuildProfileSpanOrBuilder           : loaded 2 times (x 68B)
Class [Lcom.android.build.gradle.options.IntegerOption;                               : loaded 2 times (x 67B)
Class com.android.build.gradle.internal.errors.SyncIssueReporter                      : loaded 2 times (x 74B)
Class com.android.ide.common.blame.SourceFilePosition                                 : loaded 2 times (x 70B)
Class com.amazon.ion.system.IonSystemBuilder$Mutable                                  : loaded 2 times (x 73B)
Class com.android.build.gradle.internal.variant.VariantModelImpl                      : loaded 2 times (x 84B)
Class com.android.build.api.dsl.LibraryProductFlavor                                  : loaded 2 times (x 68B)
Class com.android.build.gradle.internal.plugins.AndroidPluginBaseServices$syncIssueReporter$2$1: loaded 2 times (x 77B)
Class com.android.build.gradle.options.ProjectOptionService$Inject                    : loaded 2 times (x 95B)
Class com.android.build.api.dsl.Ndk                                                   : loaded 2 times (x 68B)
Class com.google.wireless.android.sdk.stats.GradleBuildProfileSpan$ExecutionType$1    : loaded 2 times (x 74B)
Class jdk.internal.jimage.decompressor.Decompressor                                   : loaded 2 times (x 70B)
Class com.android.build.gradle.api.KotlinMultiplatformAndroidPlugin                   : loaded 2 times (x 74B)
Class com.android.builder.model.v2.ide.AbstractArtifact                               : loaded 2 times (x 68B)
Class com.android.prefs.PathLocator                                                   : loaded 2 times (x 71B)
Class org.gradle.tooling.internal.adapter.ProtocolToModelAdapter$SafeMethodInvoker    : loaded 2 times (x 74B)
Class com.android.build.gradle.internal.dsl.BuildTypeFactory                          : loaded 2 times (x 75B)
Class com.android.build.api.dsl.NdkBuild                                              : loaded 2 times (x 68B)
Class com.android.build.gradle.internal.plugins.BasePlugin$variantApiOperations$2     : loaded 2 times (x 77B)
Class com.android.build.gradle.internal.services.FakeDependencyJarBuildService$Inject : loaded 2 times (x 100B)
Class com.android.builder.internal.BaseConfigImpl$Companion                           : loaded 2 times (x 69B)
Class jdk.internal.jrtfs.JrtFileSystem                                                : loaded 2 times (x 100B)
Class com.google.common.collect.SortedIterable                                        : loaded 2 times (x 68B)
Class kotlin.text.MatcherMatchResult$groupValues$1                                    : loaded 2 times (x 158B)
Class org.jetbrains.kotlin.idea.gradleTooling.model.kapt.KaptGradleModel              : loaded 2 times (x 68B)
Class com.android.build.gradle.internal.plugins.AppPlugin                             : loaded 2 times (x 94B)
Class kotlin.Unit                                                                     : loaded 2 times (x 69B)
Class com.android.builder.model.v2.ide.ViewBindingOptions                             : loaded 2 times (x 68B)
Class com.amazon.ion.impl.lite.IonStringLite                                          : loaded 2 times (x 210B)
Class kotlin.io.FilePathComponents                                                    : loaded 2 times (x 70B)
Class com.android.tools.analytics.AnalyticsSettingsData$DataTypeAdapter               : loaded 2 times (x 71B)
Class kotlin.enums.EnumEntriesKt                                                      : loaded 2 times (x 69B)
Class com.android.build.gradle.internal.dsl.OptimizationImpl                          : loaded 2 times (x 77B)
Class com.android.build.gradle.internal.dsl.OptimizationImpl$AgpDecorated_Decorated   : loaded 2 times (x 130B)
Class com.google.protobuf.IterableByteBufferInputStream                               : loaded 2 times (x 90B)
Class com.google.wireless.android.sdk.stats.GarbageCollectionStats                    : loaded 2 times (x 198B)
Class com.google.wireless.android.sdk.stats.GradleBuildProfileSpan                    : loaded 2 times (x 213B)
Class com.android.build.gradle.options.SyncOptions$ErrorFormatMode                    : loaded 2 times (x 77B)
Class org.gradle.internal.impldep.gnu.trove.TObjectIntProcedure                       : loaded 2 times (x 68B)
Class com.android.builder.model.v2.ide.LibraryInfo                                    : loaded 2 times (x 68B)
Class com.google.protobuf.AbstractMessageLite                                         : loaded 2 times (x 99B)
Class kotlin.collections.CollectionsKt                                                : loaded 2 times (x 69B)
Class com.android.ide.common.gradle.Numeric                                           : loaded 2 times (x 75B)
Class org.gradle.tooling.internal.gradle.GradleProjectIdentity                        : loaded 2 times (x 68B)
Class kotlin.collections.ArraysKt___ArraysJvmKt                                       : loaded 2 times (x 69B)
Class com.google.protobuf.InvalidProtocolBufferException                              : loaded 2 times (x 86B)
Class kotlin.text.MatchResult                                                         : loaded 2 times (x 68B)
Class com.android.build.gradle.internal.dsl.BundleOptionsLanguage$AgpDecorated_Decorated: loaded 2 times (x 127B)
Class com.google.wireless.android.sdk.stats.GradleBuildProject                        : loaded 2 times (x 255B)
Class kotlin.collections.CollectionsKt___CollectionsJvmKt                             : loaded 2 times (x 69B)
Class com.android.build.gradle.internal.dsl.CmakeOptions$AgpDecorated                 : loaded 2 times (x 100B)
Class com.amazon.ion.impl.bin.IonRawBinaryWriter$StreamCloseMode                      : loaded 2 times (x 77B)
Class com.android.build.api.artifact.Artifact$Single                                  : loaded 2 times (x 72B)
Class com.android.build.gradle.internal.dsl.LibraryKeepRulesImpl                      : loaded 2 times (x 86B)
Class build_9reh3ta3gek6xari4irzyq8v5$_run_closure1                                   : loaded 2 times (x 137B)
Class jdk.internal.jrtfs.JrtFileSystemProvider                                        : loaded 2 times (x 97B)
Class com.android.build.api.dsl.BundleCountrySet                                      : loaded 2 times (x 68B)
Class com.android.build.gradle.internal.plugins.AndroidPluginBaseServices$projectServices$2: loaded 2 times (x 77B)
Class org.gradle.tooling.internal.adapter.MethodInvocation                            : loaded 2 times (x 83B)
Class com.android.build.gradle.internal.dsl.decorator.ApplicationInstallationImpl$AgpDecorated: loaded 2 times (x 102B)
Class com.android.build.gradle.internal.dsl.PrivacySandboxSdkOptimizationImpl         : loaded 2 times (x 73B)
Class com.google.gson.internal.bind.DefaultDateTypeAdapter                            : loaded 2 times (x 72B)
Class org.gradle.internal.time.CountdownTimer                                         : loaded 2 times (x 68B)
Class org.gradle.internal.time.Clock                                                  : loaded 2 times (x 68B)
Class com.android.build.gradle.internal.errors.SyncIssueReporterImpl$GlobalSyncIssueService$Parameters: loaded 2 times (x 68B)
Class com.google.wireless.android.sdk.stats.GradleBuildVariant$VariantType            : loaded 2 times (x 85B)
Class com.google.gson.internal.bind.ArrayTypeAdapter$1                                : loaded 2 times (x 73B)
Class com.amazon.ion.impl.bin.IonRawBinaryWriter$PatchPoint                           : loaded 2 times (x 69B)
Class com.android.build.gradle.internal.dsl.LintImpl$AgpDecorated                     : loaded 2 times (x 217B)
Class com.android.build.gradle.internal.dsl.DeviceGroupFactory                        : loaded 2 times (x 73B)
Class com.android.build.gradle.internal.api.DefaultAndroidSourceDirectorySet          : loaded 2 times (x 105B)
Class com.android.build.gradle.internal.variant.DimensionCombination                  : loaded 2 times (x 68B)
Class org.gradle.internal.classloader.ClasspathUtil                                   : loaded 2 times (x 69B)
Class com.android.builder.model.ProductFlavor                                         : loaded 2 times (x 68B)
Class com.google.wireless.android.sdk.stats.JavaProcessStats$1                        : loaded 2 times (x 149B)
Class kotlin.ranges.RangesKt__RangesKt                                                : loaded 2 times (x 69B)
Class jdk.internal.jrtfs.JrtDirectoryStream                                           : loaded 2 times (x 87B)
Class com.android.build.gradle.internal.res.Aapt2FromMaven$Companion$create$1         : loaded 2 times (x 73B)
Class com.amazon.ion.IonInt                                                           : loaded 2 times (x 68B)
Class com.android.build.gradle.internal.tasks.NonIncrementalGlobalTask                : loaded 2 times (x 317B)
Class com.android.build.gradle.internal.dsl.CommonExtensionImpl                       : loaded 2 times (x 312B)
Class com.android.tools.analytics.AnalyticsSettingsData                               : loaded 2 times (x 70B)
Class com.android.tools.analytics.Environment$Companion$SYSTEM$1                      : loaded 2 times (x 71B)
Class com.android.ide.common.gradle.Version$Companion                                 : loaded 2 times (x 69B)
Class kotlin.NotImplementedError                                                      : loaded 2 times (x 80B)
Class com.android.build.gradle.internal.SdkComponentsBuildService$Parameters          : loaded 2 times (x 68B)
Class com.android.build.gradle.internal.plugins.BasePlugin$dslServices$2              : loaded 2 times (x 77B)
Class com.android.build.gradle.internal.dsl.EmulatorControl$AgpDecorated              : loaded 2 times (x 87B)
Class com.android.build.gradle.internal.tasks.factory.TaskManagerConfig               : loaded 2 times (x 68B)
Class com.amazon.ion.impl._Private_IonSymbol                                          : loaded 2 times (x 68B)
Class com.android.build.gradle.internal.dsl.SigningConfig$AgpDecorated                : loaded 2 times (x 148B)
Class com.amazon.ion.impl._Private_IonBinaryWriterBuilder$Mutable                     : loaded 2 times (x 107B)
Class org.gradle.tooling.model.BuildIdentifier                                        : loaded 2 times (x 68B)
Class jdk.internal.jimage.decompressor.ResourceDecompressor                           : loaded 2 times (x 68B)
Class com.google.gson.Gson$1                                                          : loaded 2 times (x 74B)
Class com.android.build.gradle.internal.services.Aapt2DaemonBuildService$RegistrationAction: loaded 2 times (x 72B)
Class com.google.gson.Gson$2                                                          : loaded 2 times (x 74B)
Class com.google.gson.JsonSerializer                                                  : loaded 2 times (x 68B)
Class com.google.gson.Gson$3                                                          : loaded 2 times (x 73B)
Class com.google.protobuf.ProtocolMessageEnum                                         : loaded 2 times (x 68B)
Class com.google.common.base.CaseFormat$1                                             : loaded 2 times (x 81B)
Class com.android.prefs.AndroidLocationsException                                     : loaded 2 times (x 80B)
Class com.google.gson.Gson$4                                                          : loaded 2 times (x 74B)
Class com.android.tools.analytics.HostData$osBean$2                                   : loaded 2 times (x 76B)
Class kotlin.collections.CollectionsKt__IteratorsKt                                   : loaded 2 times (x 69B)
Class com.android.build.gradle.internal.lint.AndroidLintGlobalTask$GlobalCreationAction: loaded 2 times (x 90B)
Class com.google.common.base.CaseFormat$2                                             : loaded 2 times (x 81B)
Class [Lcom.google.protobuf.ProtocolMessageEnum;                                      : loaded 2 times (x 67B)
Class com.google.gson.Gson$5                                                          : loaded 2 times (x 74B)
Class com.google.common.collect.ReverseOrdering                                       : loaded 2 times (x 113B)
Class com.google.common.base.CaseFormat$3                                             : loaded 2 times (x 81B)
Class com.android.build.gradle.internal.AvdComponentsBuildService$Parameters          : loaded 2 times (x 68B)
Class com.android.build.gradle.internal.ide.dependencies.LibraryDependencyCacheBuildService$Parameters_Decorated: loaded 2 times (x 132B)
Class com.android.build.gradle.internal.dsl.decorator.ApplicationInstallationImpl$AgpDecorated_Decorated: loaded 2 times (x 151B)
Class com.google.common.base.CaseFormat$4                                             : loaded 2 times (x 81B)
Class com.android.build.api.dsl.LibraryBaseFlavor                                     : loaded 2 times (x 68B)
Class com.android.prefs.Global                                                        : loaded 2 times (x 78B)
Class com.google.wireless.android.sdk.stats.GradleBuildProfile$1                      : loaded 2 times (x 149B)
Class com.android.builder.model.level2.DependencyGraphs                               : loaded 2 times (x 68B)
Class org.gradle.api.internal.DefaultClassPathRegistry                                : loaded 2 times (x 74B)
Class com.google.common.base.CaseFormat$5                                             : loaded 2 times (x 81B)
Class com.google.gson.TypeAdapter                                                     : loaded 2 times (x 71B)
Class com.google.gson.FieldNamingStrategy                                             : loaded 2 times (x 68B)
Class org.jetbrains.kotlin.idea.gradleTooling.model.samWithReceiver.SamWithReceiverModel: loaded 2 times (x 68B)
Class [Lcom.android.build.gradle.internal.core.Abi;                                   : loaded 2 times (x 67B)
Class com.android.build.gradle.internal.ManagedDeviceUtilsKt                          : loaded 2 times (x 69B)
Class com.android.tools.analytics.HostData$runtimeBean$2                              : loaded 2 times (x 76B)
Class com.android.build.api.artifact.ArtifactKind$DIRECTORY                           : loaded 2 times (x 70B)
Class com.google.wireless.android.sdk.stats.JavaProcessStatsOrBuilder                 : loaded 2 times (x 68B)
Class com.android.build.api.dsl.ProductFlavor                                         : loaded 2 times (x 68B)
Class com.amazon.ion.impl.bin.AbstractIonWriter$WriteValueOptimization                : loaded 2 times (x 77B)
Class com.amazon.ion.impl.bin._Private_IonRawWriter                                   : loaded 2 times (x 68B)
Class com.android.build.api.dsl.Shaders                                               : loaded 2 times (x 68B)
Class com.android.build.gradle.internal.core.InternalBaseVariant                      : loaded 2 times (x 68B)
Class com.google.gson.internal.bind.SerializationDelegatingTypeAdapter                : loaded 2 times (x 72B)
Class kotlin.ranges.RangesKt                                                          : loaded 2 times (x 69B)
Class com.android.build.gradle.internal.tasks.factory.GlobalTaskCreationConfigImpl$testOptionExecutionEnum$2: loaded 2 times (x 77B)
Class com.android.build.gradle.internal.services.Aapt2DaemonBuildService              : loaded 2 times (x 78B)
Class com.android.build.api.extension.impl.DslLifecycleComponentsOperationsRegistrar  : loaded 2 times (x 70B)
Class com.amazon.ion.impl.bin.IonManagedBinaryWriter$UserState                        : loaded 2 times (x 83B)
Class com.android.build.gradle.internal.dsl.Splits                                    : loaded 2 times (x 88B)
Class com.android.build.gradle.internal.tasks.factory.PreConfigAction                 : loaded 2 times (x 68B)
Class com.android.build.gradle.internal.CompileOptions                                : loaded 2 times (x 92B)
Class com.android.build.gradle.internal.dsl.BundleOptionsCountrySet                   : loaded 2 times (x 79B)
Class com.google.protobuf.InvalidProtocolBufferException$InvalidWireTypeException     : loaded 2 times (x 86B)
Class com.android.tools.analytics.HostDataKt                                          : loaded 2 times (x 69B)
Class org.gradle.api.internal.classpath.DefaultModuleRegistry$DefaultModule           : loaded 2 times (x 84B)
Class com.android.build.api.dsl.VcsInfo                                               : loaded 2 times (x 68B)
Class com.amazon.ion.ReadOnlyValueException                                           : loaded 2 times (x 82B)
Class com.android.build.gradle.api.ApplicationVariant                                 : loaded 2 times (x 68B)
Class com.android.ide.common.blame.MessageReceiver                                    : loaded 2 times (x 68B)
Class com.android.build.gradle.internal.profile.AnalyticsService                      : loaded 2 times (x 108B)
Class com.android.build.gradle.internal.ide.dependencies.MavenCoordinatesCacheBuildService$RegistrationAction: loaded 2 times (x 72B)
Class com.android.builder.testing.api.TestServer                                      : loaded 2 times (x 72B)
Class com.android.build.gradle.internal.dsl.SigningConfigFactory                      : loaded 2 times (x 75B)
Class org.gradle.tooling.model.build.GradleEnvironment                                : loaded 2 times (x 68B)
Class com.android.build.gradle.internal.dsl.CoreProductFlavor                         : loaded 2 times (x 68B)
Class com.android.build.gradle.internal.ide.v2.GlobalSyncService$Parameters_Decorated : loaded 2 times (x 132B)
Class com.android.build.gradle.internal.dsl.SigningConfig$AgpDecorated_Decorated      : loaded 2 times (x 203B)
Class com.android.build.gradle.internal.tasks.factory.BootClasspathConfigImpl$fullBootClasspathProvider$2: loaded 2 times (x 77B)
Class com.google.protobuf.AbstractMessage                                             : loaded 2 times (x 162B)
Class com.amazon.ion.IonException                                                     : loaded 2 times (x 82B)
Class com.android.build.gradle.internal.core.SettingsOptionsKt                        : loaded 2 times (x 69B)
Class com.android.build.gradle.internal.dsl.AgpDslLockedException                     : loaded 2 times (x 80B)
Class com.android.build.gradle.internal.utils.DependencyInfo                          : loaded 2 times (x 70B)
Class com.android.build.gradle.internal.tasks.factory.TaskInformation                 : loaded 2 times (x 68B)
Class com.android.build.gradle.internal.dsl.ApplicationPublishingImpl$AgpDecorated_Decorated: loaded 2 times (x 132B)
Class com.google.common.util.concurrent.ListeningExecutorService                      : loaded 2 times (x 68B)
Class org.jetbrains.plugins.gradle.tooling.serialization.KotlinDslScriptsModelSerializationService: loaded 2 times (x 79B)
Class com.android.build.gradle.internal.services.VariantBuilderServices               : loaded 2 times (x 68B)
Class [Lcom.android.builder.model.v2.ide.AaptOptions$Namespacing;                     : loaded 2 times (x 67B)
Class com.android.build.gradle.internal.res.Aapt2FromMaven$Companion$create$aapt2Directory$1: loaded 2 times (x 72B)
Class com.android.build.gradle.internal.plugins.VersionCheckPlugin$Companion          : loaded 2 times (x 69B)
Class com.amazon.ion.BufferConfiguration$DataHandler                                  : loaded 2 times (x 68B)
Class com.android.build.gradle.internal.lint.AndroidLintGlobalTask$LintFixCreationAction$Companion: loaded 2 times (x 69B)
Class com.android.build.gradle.internal.plugins.AppPlugin$ApplicationAndroidComponentsExtensionImplCompat_Decorated: loaded 2 times (x 157B)
Class com.google.common.collect.ImmutableSortedAsList                                 : loaded 2 times (x 181B)
Class com.android.build.gradle.internal.utils.EnvironmentProviderImpl                 : loaded 2 times (x 76B)
Class com.android.build.gradle.internal.dsl.CommonExtensionImpl$lintOptions$2         : loaded 2 times (x 77B)
Class com.android.build.api.dsl.TestBaseFlavor                                        : loaded 2 times (x 68B)
Class com.amazon.ion.impl.bin.IonManagedBinaryWriter$SymbolState                      : loaded 2 times (x 78B)
Class org.jetbrains.plugins.gradle.tooling.serialization.ExternalTestsSerializationService$WriteContext: loaded 2 times (x 70B)
Class com.android.build.gradle.internal.dsl.DexPackagingImpl                          : loaded 2 times (x 68B)
Class com.android.build.gradle.internal.services.GlobalServiceRegistrationAction$execute$globalService$1: loaded 2 times (x 73B)
Class org.gradle.kotlin.dsl.VersionCatalogAccessorsKt                                 : loaded 2 times (x 69B)
Class com.android.build.gradle.internal.dsl.ExternalNativeNdkBuildOptions_Decorated   : loaded 2 times (x 155B)
Class kotlin.text.StringsKt__StringsKt                                                : loaded 2 times (x 69B)
Class com.android.build.api.dsl.AndroidSourceFile                                     : loaded 2 times (x 68B)
Class com.android.build.gradle.internal.variant.BaseVariantFactory                    : loaded 2 times (x 104B)
Class org.gradle.internal.time.TimeSource                                             : loaded 2 times (x 68B)
Class com.android.build.gradle.internal.dsl.BundleOptionsDensity$AgpDecorated_Decorated: loaded 2 times (x 127B)
Class kotlin.comparisons.ComparisonsKt___ComparisonsKt                                : loaded 2 times (x 69B)
Class com.android.build.gradle.internal.tasks.factory.TaskConfigAction                : loaded 2 times (x 68B)
Class com.android.build.gradle.internal.tasks.factory.GlobalTaskCreationConfigImpl$localCustomLintChecks$2: loaded 2 times (x 77B)
Class com.android.build.gradle.internal.plugins.TestPlugin                            : loaded 2 times (x 94B)
Class com.android.ide.gradle.model.ArtifactIdentifier                                 : loaded 2 times (x 68B)
Class com.android.build.gradle.internal.lint.LintTaskManager$Companion                : loaded 2 times (x 69B)
Class [Lcom.android.build.gradle.ProguardFiles$ProguardFile;                          : loaded 2 times (x 67B)
Class com.android.build.gradle.internal.utils.AnalyticsEnabledValueSource$Params$Inject: loaded 2 times (x 104B)
Class com.android.build.gradle.internal.dsl.VariantDimensionBinaryCompatibilityFixParent: loaded 2 times (x 68B)
Class com.android.build.gradle.internal.scope.InternalArtifactType$DEFAULT_PROGUARD_FILES: loaded 2 times (x 72B)
Class com.android.build.gradle.internal.tasks.factory.GlobalTaskCreationConfigImpl$versionedNdkHandler$2: loaded 2 times (x 77B)
Class com.android.build.api.dsl.ExternalNativeBuild                                   : loaded 2 times (x 68B)
Class [Lcom.android.build.gradle.options.StringOption;                                : loaded 2 times (x 67B)
Class kotlin.text.Regex$Companion                                                     : loaded 2 times (x 69B)
Class com.android.build.api.artifact.impl.ArtifactContainer                           : loaded 2 times (x 73B)
Class com.google.wireless.android.sdk.stats.GradleBuildVariant$Builder                : loaded 2 times (x 378B)
Class com.android.build.gradle.internal.plugins.BasePlugin$bootClasspathConfig$2      : loaded 2 times (x 77B)
Class com.amazon.ion.impl.bin.IonManagedBinaryWriter$SymbolState$1                    : loaded 2 times (x 78B)
Class com.amazon.ion.impl.bin.IonManagedBinaryWriter$SymbolState$2                    : loaded 2 times (x 78B)
Class com.amazon.ion.impl.bin.IonManagedBinaryWriter$SymbolState$3                    : loaded 2 times (x 78B)
Class com.intellij.util.containers.IntObjectHashMap$ArrayProducer                     : loaded 2 times (x 68B)
Class com.android.build.gradle.internal.profile.AnalyticsConfiguratorService$State    : loaded 2 times (x 77B)
Class kotlin.coroutines.intrinsics.IntrinsicsKt__IntrinsicsKt                         : loaded 2 times (x 69B)
Class com.amazon.ion.impl.bin.IonManagedBinaryWriter$SymbolState$4                    : loaded 2 times (x 78B)
Class com.android.builder.model.SigningConfig                                         : loaded 2 times (x 68B)
Class org.jetbrains.kotlin.android.synthetic.idea.AndroidExtensionsGradleModel        : loaded 2 times (x 68B)
Class [Lcom.intellij.openapi.externalSystem.model.project.dependencies.ResolutionState;: loaded 2 times (x 67B)
Class com.android.build.gradle.internal.tasks.SigningConfigUtils$Companion            : loaded 2 times (x 69B)
Class com.android.build.gradle.internal.tasks.factory.TaskConfigurationActions        : loaded 2 times (x 73B)
Class com.amazon.ion.impl._Private_SymtabExtendsCache                                 : loaded 2 times (x 70B)
Class com.intellij.openapi.externalSystem.model.project.dependencies.ResolutionState  : loaded 2 times (x 77B)
Class com.android.build.gradle.internal.dsl.MultiDexConfigImpl                        : loaded 2 times (x 78B)
Class com.android.build.gradle.internal.dsl.TestOptions$UnitTestOptions               : loaded 2 times (x 82B)
Class com.android.build.gradle.internal.plugins.BasePlugin$sdkComponentsBuildService$2: loaded 2 times (x 77B)
Class com.android.prefs.AndroidLocationsProvider                                      : loaded 2 times (x 68B)
Class com.android.build.gradle.internal.component.ApplicationCreationConfig           : loaded 2 times (x 68B)
Class org.gradle.api.internal.classpath.UnknownModuleException                        : loaded 2 times (x 80B)
Class com.android.build.gradle.internal.component.ConsumableCreationConfig            : loaded 2 times (x 68B)
Class com.amazon.ion.system.SimpleCatalog                                             : loaded 2 times (x 89B)
Class kotlin.coroutines.intrinsics.IntrinsicsKt__IntrinsicsJvmKt                      : loaded 2 times (x 69B)
Class com.android.tools.analytics.Environment                                         : loaded 2 times (x 71B)
Class com.android.build.gradle.internal.plugins.VersionCheckPlugin                    : loaded 2 times (x 72B)
Class kotlin.collections.MapsKt__MapsJVMKt                                            : loaded 2 times (x 69B)
Class com.google.protobuf.CodedInputStream                                            : loaded 2 times (x 117B)
Class com.amazon.ion.IonNumber                                                        : loaded 2 times (x 68B)
Class com.android.build.gradle.internal.dsl.decorator.SupportedPropertyType$Var$String: loaded 2 times (x 72B)
Class com.android.build.gradle.internal.variant.AbstractVariantInputManager$Companion : loaded 2 times (x 69B)
Class com.android.build.gradle.internal.dsl.decorator.ApplicationInstallationImpl     : loaded 2 times (x 97B)
Class com.android.build.gradle.api.AndroidSourceDirectorySet                          : loaded 2 times (x 68B)
Class com.amazon.ion.IonBufferConfiguration$OversizedSymbolTableHandler               : loaded 2 times (x 68B)
Class com.intellij.gradle.toolingExtension.impl.model.buildScriptClasspathModel.GradleBuildScriptClasspathSerializationService: loaded 2 times (x 75B)
Class com.android.build.gradle.internal.services.ConfigPhaseFileCreator               : loaded 2 times (x 68B)
Class [Lcom.google.protobuf.Internal$EnumLite;                                        : loaded 2 times (x 67B)
Class com.android.build.gradle.options.BooleanOption                                  : loaded 2 times (x 84B)
Class com.android.build.api.dsl.ManagedVirtualDevice                                  : loaded 2 times (x 68B)
Class kotlin.enums.EnumEntries                                                        : loaded 2 times (x 68B)
Class com.android.ide.gradle.model.GradlePluginModel                                  : loaded 2 times (x 68B)
Class com.android.tools.analytics.AnalyticsSettingsData$Companion                     : loaded 2 times (x 69B)
Class [Lcom.android.build.gradle.options.SyncOptions$ErrorFormatMode;                 : loaded 2 times (x 67B)
Class com.google.protobuf.Internal$ProtobufList                                       : loaded 2 times (x 68B)
Class kotlin.text.StringsKt__RegexExtensionsJVMKt                                     : loaded 2 times (x 69B)
Class com.android.build.api.dsl.SigningConfig                                         : loaded 2 times (x 68B)
Class com.google.gson.internal.bind.MapTypeAdapterFactory                             : loaded 2 times (x 73B)
Class com.android.ide.common.gradle.Version$Companion$ParseState                      : loaded 2 times (x 68B)
Class com.android.build.api.dsl.PrivacySandboxSdkOptimization                         : loaded 2 times (x 68B)
Class com.android.build.gradle.internal.profile.NoOpAnalyticsConfiguratorService      : loaded 2 times (x 80B)
Class com.android.build.gradle.internal.res.Aapt2FromMaven                            : loaded 2 times (x 70B)
Class [Lcom.google.wireless.android.sdk.stats.GradleBuildProfileSpan$ExecutionType;   : loaded 2 times (x 67B)
Class org.jetbrains.plugins.gradle.model.ProjectImportModelProvider                   : loaded 2 times (x 68B)
Class com.android.build.api.dsl.LibraryDefaultConfig                                  : loaded 2 times (x 68B)
Class com.android.build.gradle.internal.services.ConfigPhaseFileCreator$Params        : loaded 2 times (x 68B)
Class org.jetbrains.plugins.gradle.tooling.serialization.GradleExtensionsSerializationService: loaded 2 times (x 75B)
Class kotlin.jvm.internal.ArrayIteratorKt                                             : loaded 2 times (x 69B)
Class kotlin.collections.ArraysKt___ArraysKt                                          : loaded 2 times (x 69B)
Class [Lcom.android.prefs.LocationValue;                                              : loaded 2 times (x 67B)
Class com.android.build.gradle.internal.plugins.BasePlugin$buildOutputs$2$1           : loaded 2 times (x 76B)
Class com.android.builder.core.AbstractProductFlavor                                  : loaded 2 times (x 193B)
Class com.android.build.gradle.internal.services.StringCachingBuildService            : loaded 2 times (x 82B)
Class com.android.builder.model.v2.ide.AaptOptions$Namespacing                        : loaded 2 times (x 77B)
Class com.amazon.ion.IonContainer                                                     : loaded 2 times (x 68B)
Class com.amazon.ion.impl.lite.ValueFactoryLite                                       : loaded 2 times (x 216B)
Class com.amazon.ion.impl._Private_IonWriterBase                                      : loaded 2 times (x 160B)
Class kotlin.coroutines.Continuation                                                  : loaded 2 times (x 68B)
Class com.android.build.gradle.internal.tasks.BuildAnalyzer                           : loaded 2 times (x 68B)
Class com.android.build.gradle.internal.dsl.BundleOptionsDensity$AgpDecorated         : loaded 2 times (x 79B)
Class jdk.internal.jimage.BasicImageReader$1                                          : loaded 2 times (x 75B)
Class com.android.build.api.dsl.JavaCompileOptions                                    : loaded 2 times (x 68B)
Class kotlin.text.StringsKt__StringNumberConversionsJVMKt                             : loaded 2 times (x 69B)
Class com.android.build.gradle.api.InstallableVariant                                 : loaded 2 times (x 68B)
Class org.gradle.tooling.model.kotlin.dsl.KotlinDslScriptsModel                       : loaded 2 times (x 68B)
Class kotlin.ranges.IntProgression$Companion                                          : loaded 2 times (x 69B)
Class com.android.build.gradle.internal.dsl.SdkComponentsImpl_Decorated               : loaded 2 times (x 130B)
Class com.android.build.gradle.internal.VariantDimensionData                          : loaded 2 times (x 70B)
Class kotlin.TuplesKt                                                                 : loaded 2 times (x 69B)
Class com.android.build.gradle.internal.lint.AndroidLintGlobalTask$UpdateBaselineCreationAction: loaded 2 times (x 90B)
Class com.android.build.gradle.internal.dsl.PackagingOptions                          : loaded 2 times (x 109B)
Class com.android.builder.profile.Recorder                                            : loaded 2 times (x 68B)
Class com.android.build.gradle.AppPluginKt                                            : loaded 2 times (x 69B)
Class kotlin.text.CharsKt__CharJVMKt                                                  : loaded 2 times (x 69B)
Class com.android.build.gradle.internal.services.AndroidLocationsBuildService$AndroidLocations: loaded 2 times (x 80B)
Class kotlin.io.FilesKt__FilePathComponentsKt                                         : loaded 2 times (x 69B)
Class com.android.builder.model.BuildType                                             : loaded 2 times (x 68B)
Class com.android.build.api.artifact.Artifacts                                        : loaded 2 times (x 68B)
Class com.android.build.api.dsl.FailureRetention                                      : loaded 2 times (x 68B)
Class com.amazon.ion.impl._Private_IonTextWriterBuilder$Mutable                       : loaded 2 times (x 99B)
Class com.android.build.gradle.internal.VariantManager$Companion                      : loaded 2 times (x 69B)
Class com.android.build.gradle.internal.dsl.BuildType$AgpDecorated_Decorated          : loaded 2 times (x 451B)
Class com.android.builder.model.v2.ide.AndroidLibraryData                             : loaded 2 times (x 68B)
Class org.jetbrains.plugins.gradle.model.IntelliJProjectSettings                      : loaded 2 times (x 68B)
Class com.android.build.gradle.internal.dsl.InternalTestedExtension                   : loaded 2 times (x 68B)
Class org.gradle.accessors.dm.LibrariesForLibs$AndroidPluginAccessors                 : loaded 2 times (x 72B)
Class com.android.build.api.dsl.BundleDeviceTier                                      : loaded 2 times (x 68B)
Class com.android.build.gradle.internal.dsl.SplitOptions                              : loaded 2 times (x 86B)
Class com.google.gson.internal.bind.DefaultDateTypeAdapter$DateType                   : loaded 2 times (x 71B)
Class com.android.build.gradle.internal.dsl.DensitySplitOptions$AgpDecorated          : loaded 2 times (x 103B)
Class com.android.build.gradle.internal.dsl.AbiSplitOptions$AgpDecorated              : loaded 2 times (x 96B)
Class com.intellij.openapi.externalSystem.model.ExternalSystemException               : loaded 2 times (x 84B)
Class com.amazon.ion.system.IonReaderBuilder                                          : loaded 2 times (x 91B)
Class kotlin.text.StringsKt__IndentKt                                                 : loaded 2 times (x 69B)
Class com.android.build.gradle.internal.dsl.DefaultConfig$AgpDecorated_Decorated      : loaded 2 times (x 504B)
Class com.android.build.gradle.internal.dsl.InternalBuildType                         : loaded 2 times (x 68B)
Class org.gradle.internal.service.ServiceLookupException                              : loaded 2 times (x 80B)
Class com.android.build.api.dsl.AndroidSourceDirectorySet                             : loaded 2 times (x 68B)
Class kotlin.collections.MapsKt__MapWithDefaultKt                                     : loaded 2 times (x 69B)
Class com.android.build.gradle.internal.dsl.AndroidTestImpl$AgpDecorated_Decorated    : loaded 2 times (x 127B)
Class com.android.build.gradle.internal.lint.LintFixBuildService$RegistrationAction   : loaded 2 times (x 72B)
Class com.android.build.gradle.internal.dsl.InternalCommonExtension                   : loaded 2 times (x 68B)
Class com.android.prefs.LocationValue                                                 : loaded 2 times (x 68B)
Class jdk.internal.jimage.ImageStringsReader                                          : loaded 2 times (x 78B)
Class com.android.builder.profile.NameAnonymizer$ProjectCacheLoader                   : loaded 2 times (x 74B)
Class com.android.build.gradle.options.FeatureStage                                   : loaded 2 times (x 70B)
Class com.android.utils.DateProvider$1                                                : loaded 2 times (x 73B)
Class com.google.gson.internal.bind.ReflectiveTypeAdapterFactory$BoundField           : loaded 2 times (x 73B)
Class com.android.build.gradle.AndroidConfig                                          : loaded 2 times (x 68B)
Class org.gradle.cache.GlobalCache                                                    : loaded 2 times (x 68B)
Class jdk.internal.jimage.decompressor.ResourceDecompressorFactory                    : loaded 2 times (x 72B)
Class com.android.build.api.dsl.EmulatorControl                                       : loaded 2 times (x 68B)
Class org.jetbrains.kotlin.idea.gradleTooling.model.lombok.LombokModel                : loaded 2 times (x 68B)
Class com.android.builder.model.v2.models.ProjectSyncIssues                           : loaded 2 times (x 68B)
Class com.google.gson.internal.bind.TypeAdapters                                      : loaded 2 times (x 69B)
Class [Lcom.google.gson.ToNumberPolicy;                                               : loaded 2 times (x 67B)
Class com.android.build.api.dsl.BuildFeatures                                         : loaded 2 times (x 68B)
Class com.google.common.collect.ReverseNaturalOrdering                                : loaded 2 times (x 112B)
Class com.android.ProgressManagerAdapter                                              : loaded 2 times (x 71B)
Class kotlin.collections.EmptySet                                                     : loaded 2 times (x 120B)
Class org.gradle.tooling.model.ProjectIdentifier                                      : loaded 2 times (x 68B)
Class com.android.build.gradle.internal.AvdComponentsBuildService$RegistrationAction  : loaded 2 times (x 72B)
Class com.android.build.gradle.internal.services.ProjectServices                      : loaded 2 times (x 70B)
Class com.android.build.gradle.internal.ExtraModelInfo                                : loaded 2 times (x 80B)
Class com.android.build.gradle.internal.plugins.AppPlugin$1                           : loaded 2 times (x 84B)
Class com.android.build.gradle.internal.tasks.factory.GlobalTaskCreationConfigImpl    : loaded 2 times (x 137B)
Class [Lorg.gradle.api.internal.ClassPathProvider;                                    : loaded 2 times (x 67B)
Class jdk.internal.jimage.ImageReader$SharedImageReader$LocationVisitor               : loaded 2 times (x 68B)
Class com.android.build.gradle.internal.dsl.LintImpl$SeverityOverrideSet              : loaded 2 times (x 141B)
Class [Lcom.google.common.base.CaseFormat;                                            : loaded 2 times (x 67B)
Class com.android.build.gradle.internal.plugins.BasePlugin$apply$1                    : loaded 2 times (x 73B)
Class com.android.build.gradle.internal.dsl.SigningConfigImpl                         : loaded 2 times (x 95B)
Class com.google.common.collect.AbstractBiMap$Inverse                                 : loaded 2 times (x 160B)
Class com.google.common.collect.ImmutableMultimap$Values                              : loaded 2 times (x 124B)
Class org.gradle.internal.operations.MultipleBuildOperationFailures                   : loaded 2 times (x 93B)
Class com.android.build.api.dsl.DensitySplit                                          : loaded 2 times (x 68B)
Class com.android.build.gradle.internal.dsl.decorator.LockableSet                     : loaded 2 times (x 143B)
Class com.android.build.gradle.internal.plugins.BasePlugin$variantInputModel$2$1      : loaded 2 times (x 77B)
Class com.android.build.gradle.internal.services.SymbolTableBuildService              : loaded 2 times (x 77B)
Class kotlin.collections.MapsKt                                                       : loaded 2 times (x 69B)
Class com.android.build.api.dsl.Device                                                : loaded 2 times (x 68B)
Class org.gradle.util.internal.GUtil                                                  : loaded 2 times (x 69B)
Class jdk.internal.jimage.decompressor.ZipDecompressor                                : loaded 2 times (x 73B)
Class com.android.build.gradle.internal.dsl.InternalPrivacySandboxSdkExtension        : loaded 2 times (x 68B)
Class com.android.build.gradle.internal.plugins.AndroidPluginBaseServices$projectServices$2$1$1: loaded 2 times (x 123B)
Class com.android.build.gradle.options.ProjectOptions$OptionValue                     : loaded 2 times (x 70B)
Class com.amazon.ion.IonBufferConfiguration$Builder                                   : loaded 2 times (x 76B)
Class org.gradle.tooling.model.internal.ImmutableDomainObjectSet                      : loaded 2 times (x 153B)
Class com.android.build.gradle.internal.plugins.AndroidPluginBaseServices$projectServices$2$1$2: loaded 2 times (x 77B)
Class com.android.build.gradle.internal.lint.LintFromMaven                            : loaded 2 times (x 70B)
Class kotlin.jvm.internal.CollectionToArray                                           : loaded 2 times (x 69B)
Class com.android.build.gradle.internal.TaskManager$ConfigAttrTask                    : loaded 2 times (x 310B)
Class com.android.build.api.dsl.LintOptions                                           : loaded 2 times (x 68B)
Class com.android.build.gradle.internal.plugins.AndroidPluginBaseServices$projectServices$2$1$3: loaded 2 times (x 77B)
Class com.android.build.gradle.options.FeatureStage$SoftlyEnforced                    : loaded 2 times (x 70B)
Class org.gradle.tooling.internal.adapter.MethodInvoker                               : loaded 2 times (x 68B)
Class com.android.build.gradle.internal.tasks.factory.TaskFactory                     : loaded 2 times (x 68B)
Class com.android.build.gradle.internal.model.CoreNdkBuildOptions                     : loaded 2 times (x 68B)
Class org.jetbrains.plugins.gradle.model.AnnotationProcessingModel                    : loaded 2 times (x 68B)
Class com.android.builder.model.v2.ide.BundleInfo                                     : loaded 2 times (x 68B)
Class org.jetbrains.plugins.gradle.model.ExternalTask                                 : loaded 2 times (x 68B)
Class com.android.build.gradle.internal.dsl.BundleOptionsDeviceTier                   : loaded 2 times (x 79B)
Class com.android.build.gradle.internal.utils.GuavaKtxKt                              : loaded 2 times (x 69B)
Class org.gradle.tooling.model.HierarchicalElement                                    : loaded 2 times (x 68B)
Class com.google.gson.stream.JsonWriter                                               : loaded 2 times (x 96B)
Class com.android.builder.model.v2.ide.BasicArtifact                                  : loaded 2 times (x 68B)
Class com.android.build.gradle.internal.dsl.AnnotationProcessorOptions$AgpDecorated   : loaded 2 times (x 104B)
Class com.android.builder.model.v2.models.AndroidProject                              : loaded 2 times (x 68B)
Class com.android.builder.model.v2.ide.Edge                                           : loaded 2 times (x 68B)
Class com.amazon.ion.system.IonTextWriterBuilder                                      : loaded 2 times (x 95B)
Class org.jetbrains.plugins.gradle.tooling.serialization.ExternalProjectSerializationService$ReadContext: loaded 2 times (x 72B)
Class org.gradle.internal.classloader.ClassLoaderSpec                                 : loaded 2 times (x 69B)
Class com.android.build.gradle.internal.lint.LintFromMaven$Companion                  : loaded 2 times (x 69B)
Class com.android.builder.model.v2.models.ndk.NativeModelBuilderParameter             : loaded 2 times (x 68B)
Class com.android.tools.lint.model.LintModelSeverity                                  : loaded 2 times (x 77B)
Class com.android.build.gradle.internal.dsl.ShaderOptions                             : loaded 2 times (x 85B)
Class com.google.wireless.android.sdk.stats.InstantRunStatusOrBuilder                 : loaded 2 times (x 68B)
Class com.android.utils.Environment$Companion                                         : loaded 2 times (x 69B)
Class com.android.build.api.dsl.DefaultConfig                                         : loaded 2 times (x 68B)
Class com.android.build.gradle.TestPlugin                                             : loaded 2 times (x 74B)
Class com.android.tools.analytics.Environment$Companion                               : loaded 2 times (x 69B)
Class com.android.build.gradle.internal.plugins.BasePlugin$configureProject$5         : loaded 2 times (x 72B)
Class com.android.build.gradle.internal.dsl.ManagedDevices$allDevices$1$1             : loaded 2 times (x 73B)
Class com.android.build.api.dsl.PrivacySandboxSdkExtension                            : loaded 2 times (x 68B)
Class com.google.wireless.android.sdk.stats.GradleBuildMemorySample$1                 : loaded 2 times (x 149B)
Class com.android.build.gradle.internal.dsl.ManagedDevices$allDevices$1$2             : loaded 2 times (x 73B)
Class com.android.build.api.dsl.TestDefaultConfig                                     : loaded 2 times (x 68B)
Class com.android.build.gradle.internal.plugins.BasePlugin$configureProject$4         : loaded 2 times (x 72B)
Class com.android.build.gradle.internal.profile.NoOpAnalyticsConfiguratorService$Inject: loaded 2 times (x 100B)
Class com.android.builder.core.DefaultDexOptions                                      : loaded 2 times (x 97B)
Class com.android.build.gradle.internal.plugins.BasePlugin$configureProject$3         : loaded 2 times (x 75B)
Class Settings_gradle$1$1                                                             : loaded 2 times (x 72B)
Class com.android.build.gradle.options.FeatureStage$Experimental                      : loaded 2 times (x 70B)
Class com.android.build.api.dsl.ApplicationInstallation                               : loaded 2 times (x 68B)
Class com.android.build.gradle.options.FeatureStage$Supported                         : loaded 2 times (x 70B)
Class com.google.protobuf.Internal$DoubleList                                         : loaded 2 times (x 68B)
Class com.amazon.ion.impl.bin.Block                                                   : loaded 2 times (x 77B)
Class com.amazon.ion.impl.LocalSymbolTable$Factory                                    : loaded 2 times (x 75B)
Class org.jetbrains.plugins.gradle.model.GradleExtension                              : loaded 2 times (x 68B)
Class com.android.build.gradle.internal.dsl.TestOptions_Decorated                     : loaded 2 times (x 181B)
Class com.android.build.gradle.internal.services.AndroidLocationsBuildService$androidLocations$1$1: loaded 2 times (x 73B)
Class com.amazon.ion.impl.bin.IonManagedBinaryWriter                                  : loaded 2 times (x 164B)
Class org.gradle.tooling.internal.adapter.ProtocolToModelAdapter$AdaptingMethodInvoker: loaded 2 times (x 74B)
Class com.android.build.gradle.internal.tasks.LintCompile$CreationAction              : loaded 2 times (x 89B)
Class com.android.build.gradle.internal.dsl.LintImpl$AgpDecorated_Decorated           : loaded 2 times (x 301B)
Class com.android.build.gradle.internal.api.artifact.SourceArtifactType$ML_MODELS     : loaded 2 times (x 72B)
Class com.android.build.gradle.BasePlugin                                             : loaded 2 times (x 74B)
Class com.android.ide.common.gradle.Version$Companion$ParseState$NUMERIC              : loaded 2 times (x 72B)
Class com.amazon.ion.impl.IonWriterSystem                                             : loaded 2 times (x 169B)
Class org.jetbrains.plugins.gradle.tooling.util.IntObjectMap                          : loaded 2 times (x 71B)
Class org.gradle.tooling.model.idea.IdeaModuleDependency                              : loaded 2 times (x 68B)
Class com.android.build.gradle.internal.dsl.decorator.DslDecorator$Companion          : loaded 2 times (x 69B)
Class [Lcom.amazon.ion.impl.bin.IonManagedBinaryWriter$ImportedSymbolResolverMode;    : loaded 2 times (x 67B)
Class com.android.build.gradle.internal.ide.v2.NativeModelBuilder                     : loaded 2 times (x 78B)
Class com.android.build.gradle.internal.dsl.ManagedVirtualDeviceFactory               : loaded 2 times (x 73B)
Class com.android.build.gradle.internal.plugins.BasePlugin$configureProject$2         : loaded 2 times (x 73B)
Class org.jetbrains.plugins.gradle.tooling.serialization.RepositoriesModelSerializationService$ReadContext: loaded 2 times (x 70B)
Class [Lkotlin.Pair;                                                                  : loaded 2 times (x 67B)
Class com.android.build.gradle.api.BaseVariantOutput                                  : loaded 2 times (x 68B)
Class com.android.build.gradle.internal.api.LazyAndroidSourceSet$sourceSet$1          : loaded 2 times (x 77B)
Class com.amazon.ion.impl.bin.IonRawBinaryWriter                                      : loaded 2 times (x 167B)
Class com.google.common.collect.EnumHashBiMap                                         : loaded 2 times (x 157B)
Class com.android.build.gradle.internal.dsl.TestedExtensionImpl                       : loaded 2 times (x 326B)
Class com.amazon.ion.impl._Private_IonSystem                                          : loaded 2 times (x 68B)
Class com.android.build.api.artifact.impl.PropertyAdapter                             : loaded 2 times (x 68B)
Class com.android.build.gradle.internal.services.BaseServicesImpl$kotlinServices$2    : loaded 2 times (x 77B)
Class com.android.build.gradle.internal.plugins.BasePlugin                            : loaded 2 times (x 91B)
Class com.android.build.OutputFile                                                    : loaded 2 times (x 68B)
Class com.google.gson.internal.bind.TypeAdapters$EnumTypeAdapter                      : loaded 2 times (x 72B)
Class com.android.build.gradle.internal.services.FakeDependencyJarBuildService$RegistrationAction: loaded 2 times (x 72B)
Class com.google.protobuf.Descriptors$GenericDescriptor                               : loaded 2 times (x 73B)
Class kotlin.collections.State                                                        : loaded 2 times (x 77B)
Class com.android.build.gradle.internal.errors.SyncIssueReporterImpl$GlobalSyncIssueService: loaded 2 times (x 80B)
Class com.android.build.api.variant.HasTestFixtures                                   : loaded 2 times (x 68B)
Class com.android.build.gradle.internal.ide.dependencies.LibraryDependencyCacheBuildService: loaded 2 times (x 78B)
Class [Lcom.android.tools.analytics.Environment$SystemProperty;                       : loaded 2 times (x 67B)
Class com.android.build.gradle.internal.api.DefaultAndroidSourceSet                   : loaded 2 times (x 228B)
Class com.amazon.ion.impl._Private_IonBinaryWriterBuilder                             : loaded 2 times (x 107B)
Class com.android.build.gradle.internal.plugins.BasePlugin$configureProject$1         : loaded 2 times (x 73B)
Class com.google.protobuf.GeneratedMessageV3$BuilderParent                            : loaded 2 times (x 68B)
Class com.android.build.gradle.internal.dsl.EmulatorSnapshots                         : loaded 2 times (x 95B)
Class com.android.build.gradle.internal.api.artifact.SourceArtifactType$JAVA_RESOURCES: loaded 2 times (x 72B)
Class com.android.build.gradle.internal.tasks.factory.BootClasspathConfig             : loaded 2 times (x 68B)
Class com.amazon.ion.SymbolTable                                                      : loaded 2 times (x 68B)
Class kotlin.text.Regex                                                               : loaded 2 times (x 70B)
Class com.android.build.gradle.internal.dsl.JavaCompileOptions                        : loaded 2 times (x 80B)
Class com.android.build.gradle.internal.services.FakeDependencyJarBuildService$FakeDependencyJarCreator$Params_Decorated: loaded 2 times (x 134B)
Class [Lcom.android.tools.analytics.Environment$EnvironmentVariable;                  : loaded 2 times (x 67B)
Class kotlin.io.FilesKt__UtilsKt                                                      : loaded 2 times (x 69B)
Class com.android.build.gradle.options.Option$Status                                  : loaded 2 times (x 69B)
Class com.android.builder.model.TestOptions$Execution                                 : loaded 2 times (x 77B)
Class com.amazon.ion.impl.bin.Symbols$2                                               : loaded 2 times (x 105B)
Class org.gradle.internal.exceptions.NonGradleCauseExceptionsHolder                   : loaded 2 times (x 68B)
Class com.google.gson.internal.bind.DateTypeAdapter$1                                 : loaded 2 times (x 73B)
Class com.android.build.gradle.internal.dsl.AndroidTestImpl                           : loaded 2 times (x 75B)
Class com.android.build.gradle.internal.core.dsl.ConsumableComponentDslInfo           : loaded 2 times (x 68B)
Class com.google.gson.InstanceCreator                                                 : loaded 2 times (x 68B)
Class org.objectweb.asm.commons.InstructionAdapter                                    : loaded 2 times (x 186B)
Class org.objectweb.asm.commons.Method                                                : loaded 2 times (x 74B)
Class com.android.build.gradle.internal.dsl.decorator.SupportedPropertyType$Collection$Set: loaded 2 times (x 72B)
Class org.gradle.api.internal.classpath.DefaultModuleRegistry                         : loaded 2 times (x 84B)
Class [Lcom.android.resources.Density;                                                : loaded 2 times (x 67B)
Class com.android.build.gradle.internal.scope.DelayedActionsExecutor                  : loaded 2 times (x 70B)
Class com.android.build.gradle.internal.dsl.decorator.SupportedPropertyType$Var$Enum  : loaded 2 times (x 72B)
Class com.android.build.api.variant.VariantBuilder                                    : loaded 2 times (x 68B)
Class org.gradle.internal.classpath.ClassPath                                         : loaded 2 times (x 68B)
Class kotlin.collections.ArraysUtilJVM                                                : loaded 2 times (x 69B)
Class com.android.build.api.artifact.impl.SinglePropertyAdapter                       : loaded 2 times (x 77B)
Class com.amazon.ion.impl.bin.utf8.Utf8StringEncoderPool$1                            : loaded 2 times (x 74B)
Class com.amazon.ion.impl.bin.BlockAllocatorProvider                                  : loaded 2 times (x 70B)
Class org.gradle.tooling.internal.adapter.ProtocolToModelAdapter$ViewGraphDetails$1   : loaded 2 times (x 75B)
Class [Lorg.objectweb.asm.AnnotationVisitor;                                          : loaded 2 times (x 67B)
Class com.android.build.gradle.internal.ProguardFileType                              : loaded 2 times (x 77B)
Class com.android.build.gradle.internal.core.dsl.ComponentDslInfo                     : loaded 2 times (x 68B)
Class com.android.build.gradle.internal.dsl.ManagedDevices                            : loaded 2 times (x 80B)
Class com.android.build.gradle.internal.variant.VariantInputModel                     : loaded 2 times (x 68B)
Class com.intellij.gradle.toolingExtension.impl.model.buildScriptClasspathModel.GradleBuildScriptClasspathSerializationService$ReadContext: loaded 2 times (x 70B)
Class kotlin.coroutines.jvm.internal.SuspendFunction                                  : loaded 2 times (x 68B)
Class com.google.protobuf.Internal$LongList                                           : loaded 2 times (x 68B)
Class com.amazon.ion.IonDatagram                                                      : loaded 2 times (x 68B)
Class kotlin.coroutines.jvm.internal.BaseContinuationImpl                             : loaded 2 times (x 85B)
Class com.android.build.gradle.internal.dsl.NdkOptions_Decorated                      : loaded 2 times (x 168B)
Class com.android.build.gradle.internal.services.Aapt2ThreadPoolBuildService$Params   : loaded 2 times (x 68B)
Class org.gradle.internal.classloader.VisitableURLClassLoader                         : loaded 2 times (x 115B)
Class com.android.build.gradle.internal.dsl.ManagedDevices$localDevices$1$1           : loaded 2 times (x 73B)
Class com.google.common.collect.ImmutableRangeSet$AsSet                               : loaded 2 times (x 234B)
Class [Lcom.amazon.ion.impl.bin.IonManagedBinaryWriter$UserState;                     : loaded 2 times (x 67B)
Class com.android.build.gradle.internal.dsl.ManagedDevices$localDevices$1$2           : loaded 2 times (x 73B)
Class com.google.wireless.android.sdk.stats.GarbageCollectionStats$Builder            : loaded 2 times (x 297B)
Class com.android.build.gradle.internal.core.dsl.PublishableComponentDslInfo          : loaded 2 times (x 68B)
Class com.android.build.api.artifact.Artifact                                         : loaded 2 times (x 72B)
Class com.android.tools.analytics.HostData$garbageCollectorBeans$2                    : loaded 2 times (x 76B)
Class com.android.build.gradle.options.Stage                                          : loaded 2 times (x 70B)
Class com.android.build.gradle.options.ReplacedOption                                 : loaded 2 times (x 84B)
Class com.android.ide.common.gradle.Separator                                         : loaded 2 times (x 77B)
Class kotlin.io.FilesKt__FileTreeWalkKt                                               : loaded 2 times (x 69B)
Class com.android.prefs.PathLocator$singlePathOf$values$2                             : loaded 2 times (x 76B)
Class com.android.utils.EnvironmentProvider$DirectEnvironmentProvider                 : loaded 2 times (x 78B)
Class org.gradle.util.internal.DefaultGradleVersion                                   : loaded 2 times (x 82B)
Class com.google.common.collect.ImmutableMultimap$Keys                                : loaded 2 times (x 164B)
Class com.google.common.base.Objects                                                  : loaded 2 times (x 69B)
Class com.android.build.gradle.internal.dsl.BundleOptionsDensity                      : loaded 2 times (x 75B)
Class kotlin.collections.CollectionsKt__IterablesKt                                   : loaded 2 times (x 69B)
Class com.android.build.api.variant.VariantFilter                                     : loaded 2 times (x 68B)
Class com.android.build.api.AndroidPluginVersion                                      : loaded 2 times (x 73B)
Class com.android.build.gradle.internal.dsl.DexPackagingImpl$AgpDecorated_Decorated   : loaded 2 times (x 129B)
Class com.android.build.gradle.internal.dsl.BaseFlavor                                : loaded 2 times (x 413B)
Class com.android.build.gradle.internal.plugins.AndroidPluginBaseServices$syncIssueReporter$2: loaded 2 times (x 77B)
Class com.android.builder.errors.IssueReporter                                        : loaded 2 times (x 71B)
Class com.google.common.collect.NullnessCasts                                         : loaded 2 times (x 69B)
Class com.android.build.gradle.api.ApkVariant                                         : loaded 2 times (x 68B)
Class com.google.gson.internal.bind.ReflectiveTypeAdapterFactory$1                    : loaded 2 times (x 77B)
Class com.google.gson.LongSerializationPolicy$1                                       : loaded 2 times (x 78B)
Class com.android.build.gradle.internal.plugins.AppPlugin$ApplicationAndroidComponentsExtensionImplCompat: loaded 2 times (x 105B)
Class Build_gradle                                                                    : loaded 2 times (x 70B)
Class org.jetbrains.plugins.gradle.model.GradleProperty                               : loaded 2 times (x 68B)
Class com.android.tools.analytics.HostData                                            : loaded 2 times (x 69B)
Class com.google.gson.LongSerializationPolicy$2                                       : loaded 2 times (x 78B)
Class com.android.build.gradle.internal.VariantTaskManager                            : loaded 2 times (x 81B)
Class com.google.protobuf.Internal$BooleanList                                        : loaded 2 times (x 68B)
Class com.amazon.ion.IonStruct                                                        : loaded 2 times (x 68B)
Class com.amazon.ion.impl.lite.IonLobLite                                             : loaded 2 times (x 182B)
Class org.gradle.api.internal.ClassPathRegistry                                       : loaded 2 times (x 68B)
Class com.google.gson.internal.bind.TypeAdapterRuntimeTypeWrapper                     : loaded 2 times (x 72B)
Class com.google.gson.internal.Excluder$1                                             : loaded 2 times (x 72B)
Class com.google.protobuf.Internal$EnumLite                                           : loaded 2 times (x 68B)
Class com.android.build.gradle.internal.services.TaskCreationServices                 : loaded 2 times (x 68B)
Class com.android.build.api.dsl.ApkSigningConfig                                      : loaded 2 times (x 68B)
Class com.android.build.gradle.internal.profile.NoOpAnalyticsConfiguratorService$RegistrationAction: loaded 2 times (x 72B)
Class com.android.build.gradle.internal.services.RunOnceBuildServiceImpl$Inject       : loaded 2 times (x 100B)
Class com.android.prefs.PathLocator$singlePathOf$values$1                             : loaded 2 times (x 77B)
Class com.google.gson.stream.JsonReader                                               : loaded 2 times (x 95B)
Class com.android.build.api.variant.CanMinifyCode                                     : loaded 2 times (x 68B)
Class sync_studio_tooling6_3mstqlimqrx2qgt44b8dx8uz1$_run_closure1                    : loaded 2 times (x 137B)
Class com.google.wireless.android.sdk.stats.GradleBuildMemorySample$Builder           : loaded 2 times (x 299B)
Class org.jetbrains.plugins.gradle.model.MavenRepositoryModel                         : loaded 2 times (x 68B)
Class com.google.gson.stream.MalformedJsonException                                   : loaded 2 times (x 80B)
Class com.google.gson.internal.sql.SqlTimeTypeAdapter                                 : loaded 2 times (x 72B)
Class com.android.build.gradle.internal.profile.AnalyticsService$Params               : loaded 2 times (x 68B)
Class org.gradle.internal.classloader.VisitableURLClassLoader$InstrumentingVisitableURLClassLoader: loaded 2 times (x 121B)
Class com.android.build.gradle.internal.dsl.BuildType                                 : loaded 2 times (x 369B)
Class com.google.gson.internal.bind.MapTypeAdapterFactory$Adapter                     : loaded 2 times (x 72B)
Class kotlin.coroutines.jvm.internal.DebugProbesKt                                    : loaded 2 times (x 69B)
Class org.gradle.internal.classloader.ClassLoaderHierarchy                            : loaded 2 times (x 68B)
Class com.android.build.gradle.internal.dsl.LanguageSplitOptions                      : loaded 2 times (x 77B)
Class [Lcom.android.builder.core.ComponentType;                                       : loaded 2 times (x 67B)
Class com.android.build.gradle.internal.tasks.factory.GlobalTaskCreationConfig        : loaded 2 times (x 68B)
Class com.android.build.gradle.internal.plugins.AndroidPluginBaseServices$configuratorService$2$1: loaded 2 times (x 77B)
Class com.android.build.gradle.internal.tasks.ExtractProguardFiles$CreationAction     : loaded 2 times (x 88B)
Class com.google.common.util.concurrent.MoreExecutors                                 : loaded 2 times (x 69B)
Class com.android.builder.model.v2.ide.AndroidGradlePluginProjectFlags                : loaded 2 times (x 68B)
Class kotlin.sequences.SequencesKt___SequencesJvmKt                                   : loaded 2 times (x 69B)
Class com.android.build.gradle.internal.dsl.KeepRulesImpl$AgpDecorated                : loaded 2 times (x 87B)
Class kotlin.collections.MapsKt__MapsKt                                               : loaded 2 times (x 69B)
Class com.amazon.ion.UnexpectedEofException                                           : loaded 2 times (x 82B)
Class com.android.build.api.variant.ScopedArtifacts                                   : loaded 2 times (x 68B)
Class com.android.build.gradle.internal.services.FakeDependencyJarBuildService        : loaded 2 times (x 80B)
Class com.android.build.gradle.options.IntegerOption                                  : loaded 2 times (x 84B)
Class com.android.build.gradle.internal.services.ServiceRegistrationAction$execute$1  : loaded 2 times (x 73B)
Class [Lcom.google.common.util.concurrent.DirectExecutor;                             : loaded 2 times (x 67B)
Class kotlin.collections.ArraysKt                                                     : loaded 2 times (x 69B)
Class org.gradle.internal.exceptions.MultiCauseException                              : loaded 2 times (x 68B)
Class com.android.builder.signing.DefaultSigningConfig$DebugSigningConfig             : loaded 2 times (x 70B)
Class com.android.build.gradle.internal.ide.v2.ModelBuilder                           : loaded 2 times (x 78B)
Class com.android.build.gradle.internal.utils.GradleEnvironmentProvider               : loaded 2 times (x 68B)
Class com.android.build.gradle.internal.dsl.PostProcessingBlock_Decorated             : loaded 2 times (x 171B)
Class com.android.build.api.artifact.impl.ArtifactsImpl$3$1                           : loaded 2 times (x 78B)
Class com.amazon.ion.impl.lite.IonSexpLite                                            : loaded 2 times (x 449B)
Class com.google.protobuf.MessageOrBuilder                                            : loaded 2 times (x 68B)
Class com.amazon.ion.impl.bin.IonManagedBinaryWriter$UserState$1                      : loaded 2 times (x 83B)
Class com.android.build.gradle.internal.TaskManager$Companion$createTasksBeforeEvaluate$1: loaded 2 times (x 72B)
Class [Lcom.amazon.ion.impl.bin.IonRawBinaryWriter$ContainerType;                     : loaded 2 times (x 67B)
Class com.amazon.ion.impl.bin.IonManagedBinaryWriter$UserState$2                      : loaded 2 times (x 83B)
Class [Lcom.amazon.ion.impl.bin.IonRawBinaryWriter$StreamCloseMode;                   : loaded 2 times (x 67B)
Class com.android.build.gradle.internal.TaskManager$Companion$createTasksBeforeEvaluate$2: loaded 2 times (x 72B)
Class com.android.build.api.dsl.ApplicationProductFlavor                              : loaded 2 times (x 68B)
Class com.android.builder.model.v2.models.VariantDependenciesAdjacencyList            : loaded 2 times (x 68B)
Class com.amazon.ion.impl.bin.IonManagedBinaryWriter$UserState$3                      : loaded 2 times (x 83B)
Class com.android.build.gradle.internal.TaskManager$Companion$createTasksBeforeEvaluate$3: loaded 2 times (x 72B)
Class com.android.build.gradle.internal.dsl.CoreNdkOptions                            : loaded 2 times (x 68B)
Class com.amazon.ion.impl.bin.IonManagedBinaryWriter$UserState$4                      : loaded 2 times (x 83B)
Class com.android.build.gradle.internal.lint.LintTaskManager                          : loaded 2 times (x 70B)
Class com.android.build.gradle.internal.TaskManager$Companion$createTasksBeforeEvaluate$4: loaded 2 times (x 73B)
Class com.android.build.gradle.internal.errors.DeprecationReporterImpl$Companion      : loaded 2 times (x 69B)
Class com.android.build.gradle.internal.TaskManager$Companion$createTasksBeforeEvaluate$5: loaded 2 times (x 72B)
Class com.amazon.ion.IonTimestamp                                                     : loaded 2 times (x 68B)
Class kotlin.text.CharsKt__CharKt                                                     : loaded 2 times (x 69B)
Class com.android.build.gradle.internal.TaskManager$Companion$createTasksBeforeEvaluate$6: loaded 2 times (x 72B)
Class com.google.common.collect.Lists$ReverseList                                     : loaded 2 times (x 160B)
Class com.android.build.gradle.options.FeatureStage$Enforced                          : loaded 2 times (x 70B)
Class com.android.build.gradle.internal.TaskManager$Companion$createTasksBeforeEvaluate$8: loaded 2 times (x 72B)
Class com.android.build.gradle.internal.dsl.LintOptions                               : loaded 2 times (x 199B)
Class com.android.build.api.variant.Component                                         : loaded 2 times (x 68B)
Class jdk.internal.jimage.ImageReader                                                 : loaded 2 times (x 73B)
Class com.android.build.gradle.internal.TaskManager$Companion$createTasksBeforeEvaluate$9: loaded 2 times (x 72B)
Class com.android.build.api.artifact.impl.InternalScopedArtifacts$InternalScope       : loaded 2 times (x 77B)
Class com.amazon.ion.impl.bin.IonRawBinaryWriter$PatchList$1                          : loaded 2 times (x 81B)
Class com.google.gson.JsonArray                                                       : loaded 2 times (x 98B)
Class com.amazon.ion.impl.SymbolTokenImpl                                             : loaded 2 times (x 79B)
Class org.jetbrains.kotlin.idea.gradleTooling.model.parcelize.ParcelizeGradleModel    : loaded 2 times (x 68B)
Class com.android.build.gradle.internal.tasks.factory.GlobalTaskCreationConfigImpl$buildToolsRevision$2: loaded 2 times (x 77B)
Class com.android.build.gradle.internal.dsl.SdkComponentsImpl$aidl$2                  : loaded 2 times (x 77B)
Class kotlin.collections.MapsKt___MapsKt                                              : loaded 2 times (x 69B)
Class com.android.build.gradle.internal.services.ClassesHierarchyBuildService         : loaded 2 times (x 78B)
Class com.android.build.gradle.internal.api.artifact.SourceArtifactType$AIDL          : loaded 2 times (x 72B)
Class com.android.build.gradle.internal.ide.v2.NativeModelBuilder$ops$1               : loaded 2 times (x 74B)
Class com.android.build.gradle.internal.res.Aapt2FromMaven$Companion$create$aapt2Directory$1$1: loaded 2 times (x 72B)
Class [Lcom.android.prefs.Global;                                                     : loaded 2 times (x 67B)
Class com.android.build.gradle.internal.dsl.DexPackagingImpl$AgpDecorated             : loaded 2 times (x 81B)
Class org.bouncycastle.jce.provider.BouncyCastleProvider                              : loaded 2 times (x 167B)
Class com.google.common.collect.Lists$ReverseList$1                                   : loaded 2 times (x 97B)
Class kotlin.sequences.TransformingSequence$iterator$1                                : loaded 2 times (x 77B)
Class com.google.protobuf.AbstractMessage$Builder                                     : loaded 2 times (x 255B)
Class com.amazon.ion.impl._Private_Utils                                              : loaded 2 times (x 69B)
Class com.android.build.gradle.internal.core.dsl.impl.features.DeviceTestOptionsDslInfoImpl: loaded 2 times (x 83B)
Class com.android.build.api.extension.impl.OperationsRegistrar                        : loaded 2 times (x 70B)
Class com.android.build.gradle.internal.dsl.AnnotationProcessorOptions                : loaded 2 times (x 100B)
Class com.android.builder.profile.AnalyticsProfileWriter$Companion                    : loaded 2 times (x 69B)
Class com.android.build.gradle.internal.ide.v2.GlobalSyncService$Parameters           : loaded 2 times (x 68B)
Class com.android.build.gradle.internal.plugins.BasePlugin$createTasks$1              : loaded 2 times (x 73B)
Class com.android.build.gradle.internal.dsl.LintImpl$severities$2                     : loaded 2 times (x 77B)
Class com.amazon.ion.impl._Private_IonTextWriterBuilder                               : loaded 2 times (x 99B)
Class kotlin.jvm.internal.StringCompanionObject                                       : loaded 2 times (x 69B)
Class com.android.build.gradle.internal.plugins.BasePlugin$createTasks$2              : loaded 2 times (x 75B)
Class com.android.build.api.dsl.PostProcessing                                        : loaded 2 times (x 68B)
Class com.android.build.gradle.internal.utils.AnalyticsEnabledValueSource$Params_Decorated: loaded 2 times (x 132B)
Class com.google.gson.JsonPrimitive                                                   : loaded 2 times (x 91B)
Class com.google.protobuf.AbstractMessageLite$Builder$LimitedInputStream              : loaded 2 times (x 90B)
Class com.google.gson.internal.ObjectConstructor                                      : loaded 2 times (x 68B)
Class com.android.build.gradle.internal.services.VersionedSdkLoaderService            : loaded 2 times (x 70B)
Class com.android.build.gradle.internal.dsl.AdbOptions                                : loaded 2 times (x 90B)
Class com.android.build.gradle.internal.dsl.BundleOptionsTexture                      : loaded 2 times (x 79B)
Class com.google.gson.Gson                                                            : loaded 2 times (x 70B)
Class com.android.build.gradle.internal.services.FakeDependencyJarBuildService$FakeDependencyJarCreator: loaded 2 times (x 78B)
Class com.android.build.gradle.internal.lint.AndroidLintGlobalTask$BaseGlobalCreationAction: loaded 2 times (x 90B)
Class com.android.builder.model.v2.AndroidModel                                       : loaded 2 times (x 68B)
Class org.jetbrains.plugins.gradle.tooling.serialization.ToolingStreamApiUtils        : loaded 2 times (x 69B)
Class org.gradle.internal.InternalTransformer                                         : loaded 2 times (x 68B)
Class com.android.builder.model.v2.ide.LintOptions                                    : loaded 2 times (x 68B)
Class org.jetbrains.kotlin.idea.gradleTooling.model.noarg.NoArgModel                  : loaded 2 times (x 68B)
Class com.android.build.gradle.internal.dsl.ApplicationAndroidResourcesImpl$AgpDecorated_Decorated: loaded 2 times (x 184B)
Class com.google.protobuf.ExtensionRegistry$ExtensionInfo                             : loaded 2 times (x 70B)
Class com.android.build.gradle.internal.plugins.LibraryPlugin                         : loaded 2 times (x 94B)
Class com.android.build.gradle.internal.dsl.BaseAppModuleExtension                    : loaded 2 times (x 441B)
Class org.jetbrains.kotlin.idea.gradleTooling.KotlinGradleModel                       : loaded 2 times (x 68B)
Class kotlin.sequences.Sequence                                                       : loaded 2 times (x 68B)
Class com.google.protobuf.AbstractMessage$BuilderParent                               : loaded 2 times (x 68B)
Class com.android.ide.common.signing.KeystoreHelper                                   : loaded 2 times (x 69B)
Class com.android.builder.model.Dependencies                                          : loaded 2 times (x 68B)
Class org.gradle.tooling.internal.gradle.DefaultBuildIdentifier                       : loaded 2 times (x 77B)
Class org.gradle.internal.service.ServiceLocator                                      : loaded 2 times (x 68B)
Class com.android.build.gradle.internal.core.Abi                                      : loaded 2 times (x 77B)
Class com.android.build.gradle.options.FeatureStage$Removed                           : loaded 2 times (x 70B)
Class com.android.build.gradle.internal.ide.v2.NativeModelBuilder$scopes$2            : loaded 2 times (x 77B)
Class com.android.build.api.dsl.AarMetadata                                           : loaded 2 times (x 68B)
Class com.google.gson.internal.bind.JsonAdapterAnnotationTypeAdapterFactory           : loaded 2 times (x 73B)
Class Settings_gradle$1                                                               : loaded 2 times (x 72B)
Class org.jetbrains.plugins.gradle.model.ExternalDependency                           : loaded 2 times (x 68B)
Class com.amazon.ion.impl.bin.IonManagedBinaryWriter$ImportedSymbolResolverMode$1$1$1 : loaded 2 times (x 74B)
Class com.android.build.gradle.internal.core.ExecutionProfileOptions                  : loaded 2 times (x 70B)
Class com.google.common.annotations.VisibleForTesting                                 : loaded 2 times (x 68B)
Class com.android.build.gradle.internal.dsl.ApplicationPublishingImpl$AgpDecorated    : loaded 2 times (x 84B)
Class com.android.build.gradle.internal.dsl.CmakeOptions$AgpDecorated_Decorated       : loaded 2 times (x 148B)
Class com.android.builder.profile.ThreadRecorder                                      : loaded 2 times (x 74B)
Class com.android.build.gradle.internal.services.LintClassLoaderBuildService          : loaded 2 times (x 78B)
Class org.gradle.internal.impldep.gnu.trove.TObjectHashingStrategy                    : loaded 2 times (x 68B)
Class com.google.common.collect.ImmutableRangeSet$1                                   : loaded 2 times (x 170B)
Class org.gradle.tooling.internal.adapter.ProtocolToModelAdapter$MethodInvocationCache: loaded 2 times (x 71B)
Class com.android.build.gradle.options.Option$Status$EXPERIMENTAL                     : loaded 2 times (x 69B)
Class com.android.build.gradle.internal.component.ApkCreationConfig                   : loaded 2 times (x 68B)
Class com.amazon.ion.IonString                                                        : loaded 2 times (x 68B)
Class [Lcom.android.builder.model.v2.ide.CodeShrinker;                                : loaded 2 times (x 67B)
Class com.android.build.gradle.internal.packaging.GradleKeystoreHelper                : loaded 2 times (x 69B)
Class com.android.build.gradle.internal.ide.dependencies.MavenCoordinatesCacheBuildService$Parameters_Decorated: loaded 2 times (x 132B)
Class com.amazon.ion.IonLoader                                                        : loaded 2 times (x 68B)
Class com.android.build.gradle.internal.scope.InternalArtifactType                    : loaded 2 times (x 72B)
Class com.android.utils.HelpfulEnumConverter                                          : loaded 2 times (x 90B)
Class com.android.build.gradle.internal.services.RunOnceBuildService                  : loaded 2 times (x 68B)
Class com.android.build.gradle.AppPlugin                                              : loaded 2 times (x 74B)
Class com.android.builder.model.v2.models.Versions$Companion                          : loaded 2 times (x 69B)
Class com.amazon.ion.IonBinaryWriter                                                  : loaded 2 times (x 68B)
Class com.android.build.api.dsl.TestOptions                                           : loaded 2 times (x 68B)
Class kotlin.sequences.SequencesKt___SequencesKt$flatMap$2                            : loaded 2 times (x 123B)
Class com.android.build.gradle.internal.services.TaskCreationServicesImpl             : loaded 2 times (x 100B)
Class com.google.common.base.Converter$IdentityConverter                              : loaded 2 times (x 88B)
Class org.jetbrains.kotlin.idea.gradleTooling.model.allopen.AllOpenModel              : loaded 2 times (x 68B)
Class kotlin.coroutines.jvm.internal.CoroutineStackFrame                              : loaded 2 times (x 68B)
Class org.jetbrains.plugins.gradle.model.AnnotationProcessingConfig                   : loaded 2 times (x 68B)
Class com.android.build.gradle.internal.services.BuildServicesKt$getBuildService$1    : loaded 2 times (x 73B)
Class [Lcom.android.build.gradle.internal.errors.DeprecationReporter$DeprecationTarget;: loaded 2 times (x 67B)
Class com.google.gson.internal.JsonReaderInternalAccess                               : loaded 2 times (x 70B)
Class org.jetbrains.plugins.gradle.tooling.serialization.ExternalTestsSerializationService: loaded 2 times (x 75B)
Class kotlin.internal.ProgressionUtilKt                                               : loaded 2 times (x 69B)
Class com.android.build.gradle.internal.tasks.BaseTask                                : loaded 2 times (x 313B)
Class com.android.build.gradle.internal.dsl.ResourcesPackagingImpl$AgpDecorated_Decorated: loaded 2 times (x 131B)
Class com.android.build.gradle.internal.SdkComponentsBuildService$Parameters_Decorated: loaded 2 times (x 153B)
Class com.android.build.gradle.internal.variant.AbstractAppVariantFactory             : loaded 2 times (x 104B)
Class kotlin.reflect.KFunction                                                        : loaded 2 times (x 68B)
Class com.google.protobuf.CodedInputStream$IterableDirectByteBufferDecoder            : loaded 2 times (x 118B)
Class org.jetbrains.plugins.gradle.tooling.serialization.ProjectDependenciesSerializationService$WriteContext: loaded 2 times (x 70B)
Class com.amazon.ion.impl.lite.IonIntLite                                             : loaded 2 times (x 187B)
Class com.google.protobuf.GeneratedMessageV3$Builder                                  : loaded 2 times (x 274B)
Class kotlin.jvm.KotlinReflectionNotSupportedError                                    : loaded 2 times (x 80B)
Class com.android.build.gradle.internal.dsl.BundleOptionsCountrySet$AgpDecorated_Decorated: loaded 2 times (x 132B)
Class com.android.build.gradle.internal.CompileOptions$AgpDecorated_Decorated         : loaded 2 times (x 148B)
Class com.android.build.gradle.internal.dsl.decorator.DslDecorator$ManagedProperty    : loaded 2 times (x 70B)
Class com.android.build.gradle.internal.services.BaseServices                         : loaded 2 times (x 68B)
Class kotlin.io.TerminateException                                                    : loaded 2 times (x 80B)
Class org.gradle.tooling.internal.adapter.WeakIdentityHashMap                         : loaded 2 times (x 74B)
Class com.android.build.gradle.internal.lint.AndroidLintGlobalTask$UpdateBaselineCreationAction$Companion: loaded 2 times (x 69B)
Class com.android.build.api.artifact.impl.ArtifactsImpl$2$1                           : loaded 2 times (x 78B)
Class com.android.build.api.dsl.TestProductFlavor                                     : loaded 2 times (x 68B)
Class com.google.gson.internal.bind.TypeAdapters$10                                   : loaded 2 times (x 73B)
Class com.android.build.gradle.internal.tasks.factory.GlobalTaskCreationConfigImpl$Companion: loaded 2 times (x 69B)
Class com.android.build.gradle.internal.dsl.DependenciesInfoImpl$AgpDecorated_Decorated: loaded 2 times (x 132B)
Class com.google.gson.internal.bind.TypeAdapters$11                                   : loaded 2 times (x 73B)
Class org.gradle.accessors.dm.LibrariesForLibs$EspressoLibraryAccessors               : loaded 2 times (x 75B)
Class com.android.build.gradle.internal.api.artifact.SourceArtifactType$RENDERSCRIPT  : loaded 2 times (x 72B)
Class com.google.gson.internal.bind.TypeAdapters$12                                   : loaded 2 times (x 73B)
Class com.android.tools.analytics.HostData$memoryBean$2                               : loaded 2 times (x 76B)
Class com.google.common.collect.ImmutableMultiset                                     : loaded 2 times (x 161B)
Class com.google.gson.internal.bind.TypeAdapters$13                                   : loaded 2 times (x 73B)
Class com.android.build.gradle.internal.plugins.AndroidPluginBaseServices             : loaded 2 times (x 76B)
Class com.google.gson.internal.sql.SqlTypesSupport                                    : loaded 2 times (x 69B)
Class com.google.gson.internal.bind.TypeAdapters$14                                   : loaded 2 times (x 73B)
Class com.android.build.api.variant.HasTestFixturesBuilder                            : loaded 2 times (x 68B)
Class org.gradle.internal.classpath.DefaultClassPath$ImmutableUniqueList              : loaded 2 times (x 159B)
Class com.android.build.gradle.internal.dsl.PackagingOptions$AgpDecorated             : loaded 2 times (x 113B)
Class com.google.gson.internal.bind.TypeAdapters$15                                   : loaded 2 times (x 73B)
Class com.amazon.ion.IonBool                                                          : loaded 2 times (x 68B)
Class jdk.internal.jimage.ImageBufferCache                                            : loaded 2 times (x 69B)
Class com.android.build.gradle.internal.services.SymbolTableBuildService$RegistrationAction: loaded 2 times (x 72B)
Class com.android.build.gradle.internal.services.AndroidLocationsBuildService$AndroidDirectoryCreator$Params: loaded 2 times (x 68B)
Class com.google.gson.internal.bind.TypeAdapters$16                                   : loaded 2 times (x 73B)
Class org.bouncycastle.operator.OperatorException                                     : loaded 2 times (x 80B)
Class com.google.gson.internal.bind.TypeAdapters$17                                   : loaded 2 times (x 73B)
Class com.amazon.ion.impl.bin.IonRawBinaryWriter$ContainerInfo                        : loaded 2 times (x 74B)
Class org.gradle.internal.time.DefaultTimer                                           : loaded 2 times (x 78B)
Class com.google.gson.internal.bind.TypeAdapters$18                                   : loaded 2 times (x 73B)
Class [Lcom.google.gson.FieldNamingStrategy;                                          : loaded 2 times (x 67B)
Class com.android.build.api.transform.Transform                                       : loaded 2 times (x 86B)
Class com.google.gson.internal.bind.TypeAdapters$19                                   : loaded 2 times (x 73B)
Class com.google.common.collect.ImmutableMultimap$1                                   : loaded 2 times (x 80B)
Class settings_dh3hw0nlujkcnwr9o1n6b55e2$_run_closure1$_closure2                      : loaded 2 times (x 137B)
Class com.google.common.collect.ImmutableMultimap$2                                   : loaded 2 times (x 79B)
Class com.android.build.gradle.internal.profile.AnalyticsConfiguratorService          : loaded 2 times (x 80B)
Class com.google.protobuf.PrimitiveNonBoxingCollection                                : loaded 2 times (x 68B)
Class com.android.tools.analytics.Environment$EnvironmentVariable                     : loaded 2 times (x 77B)
Class com.google.gson.internal.bind.ArrayTypeAdapter                                  : loaded 2 times (x 72B)
Class org.gradle.internal.classpath.TransformedClassPath                              : loaded 2 times (x 94B)
Class com.android.build.api.dsl.DeviceGroup                                           : loaded 2 times (x 68B)
Class com.android.build.gradle.internal.dsl.JniLibsPackagingImpl$AgpDecorated         : loaded 2 times (x 91B)
Class com.android.build.gradle.internal.dsl.ApplicationBuildFeaturesImpl_Decorated    : loaded 2 times (x 172B)
Class com.android.build.gradle.internal.dsl.decorator.SupportedPropertyType$Var$File  : loaded 2 times (x 72B)
Class com.android.builder.model.v2.dsl.BuildType                                      : loaded 2 times (x 68B)
Class org.jetbrains.plugins.gradle.tooling.serialization.ExternalProjectSerializationService$WriteContext: loaded 2 times (x 72B)
Class com.android.build.gradle.internal.services.AndroidLocationsBuildService$AndroidDirectoryCreator$Inject: loaded 2 times (x 109B)
Class com.amazon.ion.impl.bin.IonManagedBinaryWriter$ImportDescriptor                 : loaded 2 times (x 74B)
Class com.amazon.ion.system.IonBinaryWriterBuilder                                    : loaded 2 times (x 95B)
Class com.google.gson.internal.bind.TreeTypeAdapter                                   : loaded 2 times (x 73B)
Class com.android.build.api.dsl.AndroidSourceSet                                      : loaded 2 times (x 68B)
Class com.android.builder.core.DefaultVectorDrawablesOptions                          : loaded 2 times (x 78B)
Class com.android.build.gradle.internal.variant.BaseVariantFactory$Companion          : loaded 2 times (x 69B)
Class com.android.build.gradle.options.ApiStage$Experimental                          : loaded 2 times (x 70B)
Class kotlin.collections.ArraysKt__ArraysJVMKt                                        : loaded 2 times (x 69B)
Class com.android.ide.common.gradle.Part                                              : loaded 2 times (x 75B)
Class com.android.build.api.dsl.LibraryBuildType                                      : loaded 2 times (x 68B)
Class org.gradle.tooling.internal.adapter.ProtocolToModelAdapter$InvocationHandlerImpl: loaded 2 times (x 75B)
Class com.android.builder.core.ComponentTypeImpl                                      : loaded 2 times (x 103B)
Class com.android.build.gradle.internal.ide.v2.GlobalSyncService                      : loaded 2 times (x 78B)
Class com.android.build.gradle.internal.tasks.factory.BootClasspathConfigImpl$1       : loaded 2 times (x 77B)
Class com.android.build.gradle.internal.api.DefaultAndroidSourceSet$AndroidSourceDirectorySetFactory: loaded 2 times (x 73B)
Class kotlin.collections.AbstractCollection                                           : loaded 2 times (x 115B)
Class com.android.build.gradle.internal.profile.AnalyticsConfiguratorService$Params$Inject: loaded 2 times (x 104B)
Class com.android.build.api.dsl.ApplicationVariantDimension                           : loaded 2 times (x 68B)
Class com.android.build.api.dsl.ApplicationExtension                                  : loaded 2 times (x 68B)
Class com.android.build.gradle.internal.tasks.factory.BootClasspathConfigImpl$2       : loaded 2 times (x 77B)
Class org.jetbrains.plugins.gradle.tooling.serialization.AnnotationProcessingModelSerializationService$WriteContext: loaded 2 times (x 70B)
Class kotlin.text.MatcherMatchResult$groups$1                                         : loaded 2 times (x 149B)
Class com.android.tools.analytics.AnalyticsSettings$optedIn$1                         : loaded 2 times (x 76B)
Class com.android.tools.analytics.AnalyticsSettings                                   : loaded 2 times (x 69B)
Class com.amazon.ion.impl._Private_IonReaderBuilder$Mutable                           : loaded 2 times (x 93B)
Class com.android.build.gradle.internal.dsl.TestFixturesImpl                          : loaded 2 times (x 79B)
Class Settings_gradle                                                                 : loaded 2 times (x 126B)
Class kotlin.text.StringsKt___StringsKt                                               : loaded 2 times (x 69B)
Class com.android.build.gradle.internal.dependency.GenericTransformParameters_Decorated: loaded 2 times (x 132B)
Class org.jetbrains.plugins.gradle.tooling.serialization.internal.IdeaProjectSerializationService$ReadContext: loaded 2 times (x 70B)
Class org.gradle.tooling.model.idea.IdeaLanguageLevel                                 : loaded 2 times (x 68B)
Class com.android.build.gradle.internal.services.AndroidLocationsBuildService$Inject  : loaded 2 times (x 108B)
Class com.android.build.gradle.DynamicFeaturePlugin                                   : loaded 2 times (x 74B)
Class kotlin.collections.ArraysKt___ArraysKt$asSequence$$inlined$Sequence$1           : loaded 2 times (x 73B)
Class com.android.build.gradle.internal.dsl.decorator.SupportedPropertyType$Var       : loaded 2 times (x 72B)
Class com.google.wireless.android.sdk.stats.InstantRunStatus                          : loaded 2 times (x 202B)
Class kotlin.coroutines.intrinsics.CoroutineSingletons                                : loaded 2 times (x 77B)
Class com.android.build.gradle.internal.services.Aapt2DaemonBuildService$Parameters_Decorated: loaded 2 times (x 129B)
Class kotlin.Pair                                                                     : loaded 2 times (x 70B)
Class kotlin.collections.AbstractList                                                 : loaded 2 times (x 157B)
Class com.google.gson.internal.bind.TypeAdapters$20                                   : loaded 2 times (x 73B)
Class com.android.build.gradle.internal.errors.MessageReceiverImpl                    : loaded 2 times (x 73B)
Class com.android.builder.model.v2.ide.BasicVariant                                   : loaded 2 times (x 68B)
Class com.google.common.collect.Lists$TransformingRandomAccessList                    : loaded 2 times (x 159B)
Class com.google.common.collect.UsingToStringOrdering                                 : loaded 2 times (x 112B)
Class com.google.gson.internal.bind.TypeAdapters$21                                   : loaded 2 times (x 73B)
Class com.android.build.gradle.internal.tasks.factory.TaskFactoryImpl                 : loaded 2 times (x 81B)
Class com.android.build.api.dsl.ConsumerKeepRules                                     : loaded 2 times (x 68B)
Class com.google.gson.internal.bind.TypeAdapters$22                                   : loaded 2 times (x 73B)
Class com.google.gson.internal.bind.TypeAdapters$23                                   : loaded 2 times (x 73B)
Class com.android.build.api.dsl.ApplicationBuildFeatures                              : loaded 2 times (x 68B)
Class com.android.builder.model.v2.ide.SourceSetContainer                             : loaded 2 times (x 68B)
Class com.android.build.gradle.internal.dsl.VcsInfoImpl                               : loaded 2 times (x 75B)
Class com.google.gson.internal.bind.TypeAdapters$24                                   : loaded 2 times (x 73B)
Class com.android.build.gradle.internal.dsl.ExternalNativeCmakeOptions_Decorated      : loaded 2 times (x 154B)
Class com.google.protobuf.Descriptors$FieldDescriptor                                 : loaded 2 times (x 86B)
Class com.google.gson.internal.bind.TypeAdapters$25                                   : loaded 2 times (x 73B)
Class com.amazon.ion.impl._Private_Utils$1                                            : loaded 2 times (x 87B)
Class kotlin.collections.AbstractList$Companion                                       : loaded 2 times (x 69B)
Class com.google.gson.internal.bind.TypeAdapters$26                                   : loaded 2 times (x 73B)
Class com.android.build.gradle.options.ApiStage                                       : loaded 2 times (x 70B)
Class com.google.gson.internal.bind.TypeAdapters$27                                   : loaded 2 times (x 73B)
Class com.android.build.gradle.options.ProjectOptions                                 : loaded 2 times (x 70B)
Class com.android.build.gradle.internal.tasks.factory.BootClasspathConfigImpl$filteredBootClasspath$2: loaded 2 times (x 77B)
Class com.android.build.gradle.internal.dsl.ExternalNativeBuildOptions_Decorated      : loaded 2 times (x 141B)
Class com.google.gson.internal.bind.TypeAdapters$28                                   : loaded 2 times (x 73B)
Class kotlin.coroutines.intrinsics.IntrinsicsKt                                       : loaded 2 times (x 69B)
Class org.gradle.tooling.internal.adapter.ProtocolToModelAdapter$ViewDecoration       : loaded 2 times (x 68B)
Class com.google.gson.internal.bind.TypeAdapters$29                                   : loaded 2 times (x 73B)
Class com.android.build.gradle.internal.dsl.TestOptions                               : loaded 2 times (x 122B)
Class com.android.build.api.variant.impl.DeferredActionManager                        : loaded 2 times (x 70B)
Class com.android.build.gradle.internal.dsl.NdkBuildOptions$AgpDecorated              : loaded 2 times (x 94B)
Class com.google.wireless.android.sdk.stats.JavaProcessStats$Builder                  : loaded 2 times (x 303B)
Class org.jetbrains.plugins.gradle.model.UnresolvedExternalDependency                 : loaded 2 times (x 68B)
Class com.android.build.api.variant.GeneratesApkBuilder                               : loaded 2 times (x 68B)
Class com.android.build.gradle.internal.api.AndroidSourceSetName$Companion            : loaded 2 times (x 69B)
Class com.android.build.gradle.internal.dsl.DefaultConfig$AgpDecorated                : loaded 2 times (x 428B)
Class com.android.build.gradle.internal.dsl.BundleOptions                             : loaded 2 times (x 119B)
Class com.amazon.ion.impl._Private_IonReaderBuilder$TwoElementSequenceInputStream     : loaded 2 times (x 90B)
Class com.android.build.gradle.internal.dsl.InternalSigningConfig                     : loaded 2 times (x 68B)
Class kotlin.collections.AbstractIterator                                             : loaded 2 times (x 81B)
Class com.android.build.api.dsl.AbiSplit                                              : loaded 2 times (x 68B)
Class com.android.build.gradle.internal.tasks.factory.BootClasspathConfigImpl$fullBootClasspath$2: loaded 2 times (x 77B)
Class org.gradle.util.GradleVersion                                                   : loaded 2 times (x 81B)
Class com.amazon.ion.util._Private_FastAppendable                                     : loaded 2 times (x 68B)
Class kotlin.ranges.IntRange                                                          : loaded 2 times (x 91B)
Class com.android.tools.lint.model.LintModelSeverity$Companion                        : loaded 2 times (x 69B)
Class com.android.build.gradle.internal.dsl.BundleOptionsCodeTransparency             : loaded 2 times (x 75B)
Class com.android.build.gradle.internal.plugins.BasePlugin$dslServices$2$1            : loaded 2 times (x 77B)
Class kotlin.collections.SetsKt__SetsKt                                               : loaded 2 times (x 69B)
Class com.android.tools.analytics.StubbableLazy                                       : loaded 2 times (x 74B)
Class com.android.build.gradle.internal.services.BuildServicesKt                      : loaded 2 times (x 69B)
Class com.amazon.ion.impl._Private_LocalSymbolTable                                   : loaded 2 times (x 68B)
Class com.android.build.api.artifact.impl.SingleInitialProviderRequestImpl$on$1       : loaded 2 times (x 73B)
Class com.amazon.ion.ValueFactory                                                     : loaded 2 times (x 68B)
Class com.android.build.api.artifact.impl.SingleInitialProviderRequestImpl$on$2       : loaded 2 times (x 73B)
Class com.android.ide.gradle.model.AdditionalClassifierArtifactsModelParameter        : loaded 2 times (x 68B)
Class jdk.internal.jimage.ImageReader$Directory                                       : loaded 2 times (x 82B)
Class com.android.sdklib.AndroidVersion$AndroidVersionException                       : loaded 2 times (x 80B)
Class com.android.build.gradle.internal.utils.AnalyticsEnabledValueSource             : loaded 2 times (x 76B)
Class com.android.build.gradle.internal.dsl.decorator.annotation.WithLazyInitialization: loaded 2 times (x 68B)
Class com.android.build.gradle.internal.scope.ProjectInfo$Companion                   : loaded 2 times (x 69B)
Class com.google.common.collect.ImmutableRangeSet$Builder                             : loaded 2 times (x 75B)
Class com.android.build.api.variant.HasDeviceTestsBuilder                             : loaded 2 times (x 68B)
Class kotlin.ranges.IntRange$Companion                                                : loaded 2 times (x 69B)
Class com.google.wireless.android.sdk.stats.GradleBuildProfile$Builder                : loaded 2 times (x 344B)
Class com.android.build.api.artifact.ArtifactKind                                     : loaded 2 times (x 70B)
Class com.android.builder.core.LibraryRequest                                         : loaded 2 times (x 70B)
Class com.android.resources.ResourceEnum                                              : loaded 2 times (x 68B)
Class com.android.build.api.dsl.ApplicationDefaultConfig                              : loaded 2 times (x 68B)
Class org.gradle.internal.installation.GradleInstallation                             : loaded 2 times (x 73B)
Class com.android.build.api.dsl.AssetPackBundleExtension                              : loaded 2 times (x 68B)
Class com.android.build.api.dsl.DynamicFeatureProductFlavor                           : loaded 2 times (x 68B)
Class org.gradle.internal.impldep.gnu.trove.TObjectCanonicalHashingStrategy           : loaded 2 times (x 78B)
Class com.android.build.gradle.internal.tasks.factory.GlobalTaskNamesImpl             : loaded 2 times (x 79B)
Class [Lcom.android.resources.ResourceEnum;                                           : loaded 2 times (x 67B)
Class com.android.build.gradle.options.Option$Status$Deprecated                       : loaded 2 times (x 70B)
Class org.jetbrains.plugins.gradle.tooling.util.IntObjectMap$ObjectFactory            : loaded 2 times (x 68B)
Class com.android.builder.model.CodeShrinker                                          : loaded 2 times (x 77B)
Class com.android.build.api.dsl.AndroidResources                                      : loaded 2 times (x 68B)
Class [Lcom.android.builder.model.v2.ide.LibraryType;                                 : loaded 2 times (x 67B)
Class com.android.build.gradle.internal.dsl.EmulatorControl$AgpDecorated_Decorated    : loaded 2 times (x 137B)
Class com.android.build.gradle.internal.errors.DeprecationReporter                    : loaded 2 times (x 68B)
Class com.google.gson.internal.bind.TypeAdapters$30                                   : loaded 2 times (x 74B)
Class com.google.protobuf.Internal$EnumLiteMap                                        : loaded 2 times (x 68B)
Class org.jetbrains.plugins.gradle.ExternalDependencyId                               : loaded 2 times (x 68B)
Class com.android.build.api.dsl.DynamicFeatureVariantDimension                        : loaded 2 times (x 68B)
Class com.google.gson.internal.bind.TypeAdapters$31                                   : loaded 2 times (x 74B)
Class com.android.ide.common.blame.SourceFile                                         : loaded 2 times (x 70B)
Class com.google.gson.internal.bind.TypeAdapters$32                                   : loaded 2 times (x 74B)
Class com.android.build.gradle.internal.SdkComponentsBuildService                     : loaded 2 times (x 78B)
Class com.google.gson.internal.bind.TypeAdapters$33                                   : loaded 2 times (x 74B)
Class com.android.build.api.extension.impl.ApplicationAndroidComponentsExtensionImpl  : loaded 2 times (x 105B)
Class com.google.gson.internal.bind.TypeAdapters$34                                   : loaded 2 times (x 74B)
Class com.amazon.ion.impl.lite.IonDecimalLite                                         : loaded 2 times (x 186B)
Class org.jetbrains.plugins.gradle.tooling.util.IntObjectMap$1                        : loaded 2 times (x 75B)
Class com.android.build.gradle.api.ViewBindingOptions                                 : loaded 2 times (x 68B)
Class com.android.build.gradle.internal.plugins.BasePlugin$ExtensionData              : loaded 2 times (x 70B)
Class [Lcom.amazon.ion.impl.bin.AbstractIonWriter$WriteValueOptimization;             : loaded 2 times (x 67B)
Class com.amazon.ion.Decimal                                                          : loaded 2 times (x 131B)
Class com.android.build.api.dsl.ManagedDevices                                        : loaded 2 times (x 68B)
Class com.android.build.gradle.internal.lint.LintTaskManager$createBeforeEvaluateLintTasks$1: loaded 2 times (x 73B)
Class com.android.build.gradle.internal.errors.OptionInfo                             : loaded 2 times (x 70B)
Class com.android.build.gradle.internal.plugins.BasePlugin$versionedSdkLoaderService$2: loaded 2 times (x 77B)
Class com.amazon.ion.impl.lite.IonTimestampLite                                       : loaded 2 times (x 190B)
Class kotlin.comparisons.ComparisonsKt__ComparisonsKt                                 : loaded 2 times (x 69B)
Class com.google.protobuf.ExtensionLite                                               : loaded 2 times (x 75B)
Class com.android.build.gradle.internal.plugins.BasePlugin$variantManager$2           : loaded 2 times (x 77B)
Class com.android.build.gradle.internal.tasks.factory.BootClasspathConfigImpl         : loaded 2 times (x 77B)
Class com.android.build.gradle.internal.dsl.BundleOptions$AgpDecorated_Decorated      : loaded 2 times (x 180B)
Class com.android.build.api.variant.HasUnitTestBuilder                                : loaded 2 times (x 68B)
Class kotlin.collections.EmptyMap                                                     : loaded 2 times (x 107B)
Class org.gradle.tooling.internal.adapter.ProtocolToModelAdapter$ViewGraphDetails     : loaded 2 times (x 70B)
Class com.android.builder.signing.DefaultSigningConfig$Companion                      : loaded 2 times (x 69B)
Class com.android.build.gradle.internal.plugins.BasePlugin$variantInputModel$2        : loaded 2 times (x 77B)
Class com.android.build.api.dsl.UnitTestOptions                                       : loaded 2 times (x 68B)
Class com.android.build.api.dsl.VectorDrawables                                       : loaded 2 times (x 68B)
Class com.android.builder.profile.Recorder$VoidBlock                                  : loaded 2 times (x 68B)
Class com.google.common.collect.NullsLastOrdering                                     : loaded 2 times (x 113B)
Class [Lcom.android.tools.lint.model.LintModelSeverity;                               : loaded 2 times (x 67B)
Class com.amazon.ion.IonWriter                                                        : loaded 2 times (x 68B)
Class com.android.builder.model.PackagingOptions                                      : loaded 2 times (x 68B)
Class com.android.prefs.AbstractAndroidLocations                                      : loaded 2 times (x 80B)
Class com.amazon.ion.system.IonSystemBuilder                                          : loaded 2 times (x 73B)
Class org.gradle.internal.impldep.gnu.trove.Equality                                  : loaded 2 times (x 68B)
Class com.android.build.gradle.internal.core.dsl.features.DeviceTestOptionsDslInfo    : loaded 2 times (x 68B)
Class kotlin.text.RegexKt                                                             : loaded 2 times (x 69B)
Class com.android.build.gradle.internal.dsl.decorator.LockableMap                     : loaded 2 times (x 126B)
Class com.android.build.gradle.internal.res.Aapt2FromMaven$Companion$Aapt2Version$BUILD_NUMBER$2: loaded 2 times (x 76B)
Class com.android.builder.core.AbstractBuildType$Companion                            : loaded 2 times (x 69B)
Class com.android.build.gradle.internal.plugins.BasePlugin$variantManager$2$1         : loaded 2 times (x 77B)
Class com.amazon.ion.IonType                                                          : loaded 2 times (x 77B)


---------------  S Y S T E M  ---------------

OS:
 Windows 11 , 64 bit Build 22621 (10.0.22621.3958)
OS uptime: 8 days 14:25 hours
Hyper-V role detected

CPU: total 8 (initial active 8) (4 cores per cpu, 2 threads per core) family 6 model 140 stepping 1 microcode 0x86, cx8, cmov, fxsr, ht, mmx, 3dnowpref, sse, sse2, sse3, ssse3, sse4.1, sse4.2, popcnt, lzcnt, tsc, tscinvbit, avx, avx2, aes, erms, clmul, bmi1, bmi2, adx, avx512f, avx512dq, avx512cd, avx512bw, avx512vl, sha, fma, vzeroupper, avx512_vpopcntdq, avx512_vpclmulqdq, avx512_vaes, avx512_vnni, clflush, clflushopt, clwb, avx512_vbmi2, avx512_vbmi, hv
Processor Information for all 8 processors :
  Max Mhz: 2419, Current Mhz: 2419, Mhz Limit: 2419

Memory: 4k page, system-wide physical 7886M (1013M free)
TotalPageFile size 24033M (AvailPageFile size 1174M)
current process WorkingSet (physical memory assigned to process): 460M, peak: 580M
current process commit charge ("private bytes"): 951M, peak: 959M

vm_info: OpenJDK 64-Bit Server VM (17.0.11+0--11852314) for windows-amd64 JRE (17.0.11+0--11852314), built on May 16 2024 21:29:20 by "androidbuild" with MS VC++ 16.10 / 16.11 (VS2019)

END.
